Date,S&P 500,S&P Mid Cap,S&P US 600,DJ GlobalDevxUS,DJ GlobalEmerg,Corporate,US Tbills,U.S. Treasury,Rf,Putnam Asset Allocation: Growth A,Vanguard Wellington
1999-01-15,-0.02488,-0.01836,0.0,-0.03699,-0.08352,0.01249,0.00094,0.0081,0.00095,-0.02077,-0.01666
1999-01-22,-0.01446,-0.01975,0.0,-0.00226,-0.02436,0.00334,0.00094,0.00432,0.00095,-0.00686,-0.01442
1999-01-29,0.0447,0.00149,-0.01252,0.01176,0.02046,0.00354,0.00101,0.00192,0.00095,0.02952,0.01103
1999-02-05,-0.03119,-0.02495,0.0,-0.01114,0.02363,-0.0162,0.00058,-0.01436,0.00095,-0.02685,-0.01421
1999-02-12,-0.00701,-0.01933,0.0,-0.00763,-0.00198,-0.00217,0.00087,-0.00616,0.00095,-0.01003,-0.0121
1999-02-19,0.00759,-0.00352,0.0,-0.02057,-0.01133,0.0019,0.00079,0.00217,0.00095,-0.00317,0.00235
1999-02-26,-0.00042,-0.00546,-0.09012,0.01117,-0.00177,-0.00738,0.00108,-0.00734,0.00095,0.00127,-0.00546
1999-03-05,0.03042,0.02395,0.0,-0.00154,0.03693,-0.0016,0.00065,-0.00247,0.00095,0.01396,0.01882
1999-03-12,0.01537,-0.00187,0.0,0.03529,0.04406,0.0086,0.00093,0.00726,0.00095,0.01877,0.01309
1999-03-19,0.00374,-0.00482,0.0,0.01914,0.05183,0.00275,0.00093,0.00054,0.00095,0.00061,0.00101
1999-03-26,-0.01265,0.00209,0.0,-0.02741,0.0001,-0.002,0.00079,-0.00141,0.00095,-0.01044,-0.00582
1999-04-02,0.00879,0.01012,0.01286,0.0202,0.03149,-0.0028,0.00079,-0.00246,0.00095,0.01365,-0.00305
1999-04-09,0.04253,0.00649,0.0,0.02756,0.04101,0.01499,0.00107,0.01366,0.00095,0.03121,0.02579
1999-04-16,-0.02169,0.03089,0.0,0.00482,0.07144,-0.00545,0.00086,-0.00573,0.00095,-0.01009,0.02588
1999-04-23,0.02878,0.02547,0.0,-0.0035,0.00181,-0.00068,0.00086,-0.00015,0.00094,0.01379,0.0114
1999-04-30,-0.01571,0.01236,0.06608,0.01287,0.0165,-0.00366,0.00071,-0.00288,0.00094,-0.00651,0.01031
1999-05-07,0.00766,0.01071,0.0,0.00032,0.04533,-0.00804,0.00086,-0.00699,0.00094,0.00179,0.01614
1999-05-14,-0.00477,0.00234,0.0,-0.01886,-0.01774,-0.00302,0.00086,-0.0036,0.00094,-0.00119,-0.01051
1999-05-21,-0.00542,0.00896,0.0,-0.00909,-0.03084,0.00679,0.001,0.00475,0.00095,-0.00416,-0.00449
1999-05-28,-0.02109,-0.01744,0.0,-0.02356,-0.03147,-0.00909,0.00114,-0.00348,0.00095,-0.01852,-0.01945
1999-06-04,0.02017,0.01983,0.02437,0.01744,0.04648,-0.0079,0.00064,-0.00641,0.00095,0.01217,0.01234
1999-06-11,-0.02532,-0.01149,0.0,0.03972,0.04169,-0.00976,0.00085,-0.00934,0.00096,-0.00782,-0.0141
1999-06-18,0.03814,0.02181,0.0,6.0e-5,0.04315,0.009,0.00099,0.01029,0.00097,0.02242,0.02206
1999-06-25,-0.02047,-0.00905,0.0,-0.00767,-0.0034,-0.00851,0.00078,-0.00825,0.00099,-0.01482,-0.02419
1999-07-02,0.058,0.03985,0.05688,0.02086,0.05076,0.01133,0.00099,0.01129,0.001,0.04332,0.03208
1999-07-09,0.00905,0.00447,0.0,-0.0012,0.01028,0.00044,0.00085,0.00069,0.001,0.00461,0.00141
1999-07-16,0.01113,0.01489,0.0,0.00966,-0.03497,0.01011,0.00085,0.00805,0.001,0.0155,0.0087
1999-07-23,-0.04351,-0.02892,0.0,-0.01957,-0.04797,-0.00641,0.00099,-0.00605,0.001,-0.02996,-0.02308
1999-07-30,-0.02054,-0.01869,-0.0088,0.01965,-0.00899,-0.00875,0.00085,-0.00293,0.001,-0.00816,-0.01408
1999-08-06,-0.02097,-0.03013,0.0,-0.02634,-0.03185,-0.00428,0.00071,-0.0042,0.001,-0.02409,-0.00774
1999-08-13,0.02145,0.01618,0.0,0.01632,0.01016,-0.00321,0.00113,0.00151,0.00101,0.01385,0.01195
1999-08-20,0.00691,0.00132,0.0,0.02965,-0.00258,0.00747,0.00085,0.00545,0.00102,0.00594,0.00675
1999-08-27,0.0089,-0.00925,0.0,0.00111,0.03222,0.003,0.00063,0.00227,0.00103,0.00531,-0.00359
1999-09-03,0.00705,0.01699,-0.04398,0.01043,-0.01744,-0.0007,0.00113,-0.00113,0.00103,0.00646,-0.00192
1999-09-10,-0.00392,0.00974,0.0,0.00722,0.01444,0.00104,0.00112,0.00033,0.00103,0.00292,-0.00193
1999-09-17,-0.01167,-0.0124,0.0,-0.01374,-0.0221,0.00318,0.00084,0.00189,0.00103,-0.00582,-0.01375
1999-09-24,-0.04343,-0.05172,0.0,-0.02059,-0.00334,0.00752,0.00091,0.00732,0.00103,-0.0275,-0.02568
1999-10-01,0.00461,-0.00873,0.00421,0.0282,-0.03076,-0.01106,0.00084,-0.01088,0.00104,0.01083,-0.00402
1999-10-08,0.04174,0.01613,0.0,0.01517,0.03164,-0.00104,0.00105,-0.001,0.00104,0.02262,0.00756
1999-10-15,-0.06625,-0.0258,0.0,-0.01512,-0.02346,0.00146,0.00077,-0.00134,0.00104,-0.03551,-0.02951
1999-10-22,0.04357,0.02096,0.0,0.00431,0.00229,-0.00475,0.00098,-0.00435,0.00104,0.03018,0.01907
1999-10-29,0.04735,0.04414,-0.00253,0.02731,0.03222,0.01459,0.00112,0.0132,0.00104,0.03632,0.02858
1999-11-05,0.00555,0.03512,0.0,0.00688,0.03427,0.00696,0.00063,0.0063,0.00104,0.01639,0.00197
1999-11-12,0.01934,0.01462,0.0,0.0146,0.02944,0.00101,0.00077,0.0017,0.00105,0.02002,0.0108
1999-11-19,0.01883,0.0302,0.0,0.01877,0.02708,-0.00421,0.00118,-0.0053,0.00107,0.01418,0.00534
1999-11-26,-0.00364,-0.01451,0.0,0.02029,-0.014,-0.00223,0.00076,-0.00271,0.00108,-0.00108,-0.01376
1999-12-03,0.01218,0.0173,0.04183,-0.0041,0.02626,0.00122,0.00111,0.0,0.00125,0.01507,0.01028
1999-12-10,-0.0112,-0.03012,0.0,0.01479,0.0332,0.00701,0.00097,0.00679,0.00124,0.01273,-0.01527
1999-12-17,0.00312,-0.00598,0.0,0.00296,0.0093,-0.01132,0.00083,-0.0122,0.00124,-0.00628,-0.00714
1999-12-24,0.02642,0.04839,0.0,0.03426,0.03346,-0.00423,0.0009,-0.00371,0.00125,0.02634,0.00347
1999-12-31,0.00764,0.01703,0.08221,0.02277,0.04771,0.00169,0.00132,0.00071,0.00112,0.02259,0.01087
2000-01-07,-0.01859,-0.01765,-0.02983,-0.04665,-0.01627,-0.00092,0.00104,0.00035,0.00111,-0.02962,0.01124
2000-01-14,0.01654,0.02708,0.04528,0.0194,0.05376,-0.00509,0.00076,-0.00447,0.00111,0.02173,-0.0058
2000-01-21,-0.01618,0.00989,0.03305,-0.02073,-0.01668,-0.00091,0.0011,-0.00059,0.00112,0.00152,-0.02163
2000-01-28,-0.05615,-0.04975,-0.0601,-0.00293,-0.01416,0.00849,0.0009,0.00977,0.00113,-0.03488,-0.02882
2000-02-04,0.04744,0.03502,0.0334,0.03092,0.03271,-0.0009,0.00117,0.00497,0.00113,0.02672,0.00767
2000-02-11,-0.02576,-0.00361,0.00568,0.00507,0.02374,-0.00556,0.00117,-0.00391,0.00113,0.0,-0.03326
2000-02-18,-0.02934,-0.00946,0.01219,-0.01056,-0.0385,0.00775,0.00082,0.00722,0.00113,-0.0102,-0.00368
2000-02-25,-0.00925,0.0182,0.02322,0.01174,-0.03185,0.00569,0.00103,0.00477,0.00113,0.00515,-0.02056
2000-03-03,0.05724,0.07225,0.06662,0.0179,0.01438,-0.0003,0.0011,0.00201,0.00114,0.02974,0.02018
2000-03-10,-0.00973,0.01043,-0.00803,0.00046,0.00102,-0.00167,0.0011,-0.0022,0.00115,-0.00249,-0.01002
2000-03-17,0.05007,0.0064,-0.01518,-0.00588,-0.03064,0.00286,0.00109,0.01032,0.00117,0.0,0.04663
2000-03-24,0.04305,0.02297,0.00472,0.01535,0.04342,-0.0007,0.00096,-0.00086,0.00118,0.01298,0.0112
2000-03-31,-0.01875,0.0032,-0.04636,-0.01164,-0.01535,0.00558,0.00116,0.01003,0.00118,-0.01429,0.01536
2000-04-07,0.01214,-0.01565,0.01464,-0.0125,-0.01327,0.00876,0.00116,0.00947,0.00118,-0.002,0.01289
2000-04-14,-0.10527,-0.12359,-0.12557,-0.03882,-0.09139,-0.00543,0.00123,-0.00212,0.00118,-0.06964,-0.02007
2000-04-21,0.05757,0.06958,0.05769,-0.00996,-0.0104,-0.00127,0.00095,-0.00147,0.00118,0.01669,0.01749
2000-04-28,0.01272,0.04591,0.04737,-0.00049,-0.01281,-0.01077,0.0017,-0.00897,0.00121,0.01218,-0.00147
2000-05-05,-0.01348,0.00771,0.01145,0.00413,-0.00031,-0.01554,0.00081,-0.01297,0.00124,-0.00052,-0.00123
2000-05-12,-0.00755,-0.01542,-0.02604,-0.01194,-0.02409,-0.00486,0.00102,0.00029,0.00126,-0.02042,0.01034
2000-05-19,-0.00965,-0.01687,-0.01806,-0.03831,-0.0047,0.0032,0.00142,0.00082,0.00127,-0.01764,0.00609
2000-05-26,-0.0204,-0.02425,-0.03312,-0.00196,-0.04993,0.01126,0.00108,0.01081,0.00127,-0.01741,-0.01477
2000-06-02,0.07234,0.09665,0.09363,0.06198,0.08962,0.01443,0.00088,0.00962,0.00128,0.06534,0.02778
2000-06-09,-0.01359,-0.01348,0.00117,0.00457,0.01886,0.00514,0.00101,0.00328,0.00128,0.00104,-0.00885
2000-06-16,0.00544,0.00293,-0.00673,-0.00449,-0.02716,0.00828,0.00121,0.00599,0.00128,0.0,-0.00193
2000-06-23,-0.01563,-0.01565,-0.01889,-0.00848,-0.00242,-0.01161,0.00108,-0.00857,0.00128,-0.00623,-0.01717
2000-06-30,0.00928,-0.0143,0.02985,0.00532,0.02119,0.01126,0.00101,0.00928,0.00128,0.01202,-0.00541
2000-07-07,0.01707,0.03272,0.02397,0.01069,0.01416,0.00445,0.00094,0.00355,0.00128,0.01187,0.01731
2000-07-14,0.02113,0.04022,0.01843,0.00027,0.01193,0.00103,0.00094,-0.00151,0.00127,0.00969,0.01094
2000-07-21,-0.01968,-0.02521,-0.0344,-0.01641,-0.03521,0.0071,0.00107,0.007,0.00127,-0.01617,-0.01106
2000-07-28,-0.04056,-0.04231,-0.05343,-0.03984,-0.05227,-0.00117,0.00114,0.00103,0.00127,-0.03133,-0.00413
2000-08-04,0.03062,0.04676,0.03332,-0.00337,0.01264,0.00778,0.00114,0.00728,0.00127,0.0106,0.02149
2000-08-11,0.00647,0.01518,0.01617,0.01606,0.012,0.0008,0.00114,0.00017,0.00127,0.00839,0.01721
2000-08-18,0.01371,0.02094,0.01618,0.00954,0.00772,0.00065,0.0012,0.00235,0.00127,0.00989,-0.00071
2000-08-25,0.00997,0.01543,0.02076,0.00833,-0.00885,0.0034,0.0012,0.00385,0.00127,0.00618,0.00141
2000-09-01,0.00989,0.03283,0.02839,0.01109,-0.00948,0.00249,0.0012,0.00326,0.00127,0.01331,0.0007
2000-09-08,-0.01716,-0.00818,-0.00993,-0.03389,-0.02639,-0.00114,0.0014,-0.00083,0.00127,-0.0192,0.00023
2000-09-15,-0.01894,-0.00489,0.00241,-0.02809,-0.02909,-0.00246,0.0012,-0.00532,0.00127,-0.01082,-0.00915
2000-09-22,-0.01159,-0.02625,-0.03048,-0.0139,-0.05933,0.00283,0.00119,0.00109,0.00127,-0.01562,-0.01089
2000-09-29,-0.00818,0.02265,0.00557,0.00847,0.00154,0.0043,0.00133,0.0038,0.00127,0.00423,0.01293
2000-10-06,-0.01882,-0.04792,-0.04919,-0.00382,-0.00587,-0.00097,0.00106,0.00153,0.00127,-0.01791,-0.00638
2000-10-13,-0.0246,-0.02264,-0.00405,-0.0369,-0.06235,-0.00131,0.00119,0.00572,0.00127,-0.02414,-0.0107
2000-10-20,0.01663,0.02845,0.01472,0.00031,-0.00475,0.00364,0.00112,0.0056,0.00127,0.0077,-0.00361
2000-10-27,-0.01232,-0.02238,-0.00568,-0.00422,-0.00292,0.00014,0.00112,-0.00137,0.00127,-0.006,0.01351
2000-11-03,0.03443,0.05028,0.06317,0.0341,0.025,-0.00204,0.00112,-0.00456,0.00127,0.02689,0.02476
2000-11-10,-0.04225,-0.05076,-0.05213,-0.02478,0.00324,0.00277,0.00125,0.0022,0.00127,-0.02672,-0.00046
2000-11-17,0.00163,0.00455,0.01704,-0.01669,-0.03866,0.00149,0.00125,0.00658,0.00127,-0.00494,0.00325
2000-11-24,-0.01888,-0.00528,-0.02065,-0.02565,-0.01907,1.0e-5,0.00125,0.0056,0.00127,-0.02042,-0.00741
2000-12-01,-0.0194,-0.02147,-0.03354,0.01978,-0.0282,0.00542,0.00125,0.00585,0.0013,-0.00732,0.01261
2000-12-08,0.04182,0.07663,0.05288,0.01303,0.034,0.01008,0.00138,0.00877,0.00129,0.02838,0.01844
2000-12-15,-0.04192,-0.06325,-0.02245,-0.0144,-0.01834,0.0092,0.00124,0.00903,0.00129,-0.01711,-0.01698
2000-12-22,-0.00461,0.01403,0.00758,-0.0153,-0.02624,0.00555,0.00216,0.00803,0.00128,-0.00449,0.02602
2000-12-29,0.01121,0.03086,0.05342,0.03051,0.00566,-0.00333,0.00065,-0.00385,0.00126,0.01861,0.01391
2001-01-05,-0.01646,-0.05298,-0.04092,0.00191,0.06038,0.01782,0.00169,0.01123,0.00114,-0.00941,-0.00066
2001-01-12,0.01572,0.03793,0.04913,-0.02095,0.00806,-0.00925,0.00085,-0.0136,0.00113,0.00559,-0.01041
2001-01-19,0.01844,-0.00675,-0.00038,0.01205,0.05434,0.00977,0.0011,0.00645,0.00111,0.01223,0.00291
2001-01-26,0.00932,0.02917,0.02062,-0.00366,0.00555,0.00105,0.00104,-0.00377,0.00109,0.00165,0.01361
2001-02-02,-0.00377,-0.00105,0.00812,0.00429,0.02374,0.00956,0.00104,0.00889,0.00107,0.00164,0.01651
2001-02-09,-0.02539,0.00338,-0.00512,-0.03042,-0.02436,-0.00228,0.00097,0.00312,0.00107,-0.01697,0.00152
2001-02-16,-0.00968,-0.00102,0.00922,-0.01802,0.0024,-0.00161,0.00104,-0.00453,0.00107,-0.00724,-0.00216
2001-02-23,-0.04266,-0.04008,-0.04498,-0.02193,-0.03492,-0.00019,0.00097,0.00293,0.00105,-0.02692,-0.01495
2001-03-02,-0.00906,0.00358,-0.00474,-0.01058,-0.01371,0.01075,0.0009,0.00718,0.00102,0.00115,0.0165
2001-03-09,-0.00022,-0.00596,-0.00286,0.00962,0.00608,0.00423,0.0011,0.0034,0.001,0.0,0.01061
2001-03-16,-0.06697,-0.07373,-0.06821,-0.07807,-0.04904,0.00636,0.0011,0.00879,0.00096,-0.04951,-0.04369
2001-03-23,-0.00921,-0.00456,0.0062,-0.01156,-0.01938,-2.0e-5,0.00097,-0.00014,0.00097,-0.01393,-0.01254
2001-03-30,0.01813,0.00441,0.0119,0.00987,-0.01153,-0.00305,0.00109,-0.00629,0.00098,0.0129,0.022
2001-04-06,-0.02706,-0.02702,-0.03538,0.02056,-0.03321,0.00249,0.00135,0.00468,0.00097,-0.01152,-0.00644
2001-04-13,0.04894,0.06168,0.04763,0.01582,0.02821,-0.01103,0.00064,-0.01243,0.00097,0.02086,0.0172
2001-04-20,0.05033,0.03887,0.02296,0.03086,-0.0066,-0.00035,0.00115,-0.00434,0.00087,0.02404,0.01493
2001-04-27,0.00824,0.02763,0.03794,0.004,0.01349,0.00244,0.00064,-0.00103,0.00085,0.01056,0.01471
2001-05-04,0.01112,0.0205,0.01122,0.01504,0.01165,0.01368,0.00083,0.01026,0.00084,0.00929,-0.00277
2001-05-11,-0.01608,-0.01597,-0.00333,-0.01349,-0.0072,-0.01469,0.0007,-0.014,0.00079,-0.00863,-0.00577
2001-05-18,0.03761,0.04607,0.04431,0.01125,0.01378,0.00996,0.00089,0.00525,0.00079,0.01915,0.03226
2001-05-25,-0.01082,0.00205,-0.00134,-0.00979,0.01175,-0.00361,0.0007,-0.0036,0.00078,-0.00569,-0.01417
2001-06-01,-0.0131,-0.01117,-0.01656,-0.02523,-0.01919,0.01022,0.00064,0.00865,0.00078,-0.01317,0.00486
2001-06-08,0.00359,0.0091,0.01865,0.00338,0.02728,0.00247,0.00077,0.00079,0.00077,0.01103,-0.00063
2001-06-15,-0.03975,-0.04179,-0.0384,-0.03322,-0.01503,0.00536,0.00083,0.00722,0.00076,-0.02698,-0.01915
2001-06-22,0.00914,-0.00617,-0.01205,-0.00462,-0.01363,0.00509,0.0007,0.0082,0.00073,-0.00354,0.00322
2001-06-29,-0.00062,0.02587,0.05927,-0.00014,-0.00083,-0.01101,0.00064,-0.01324,0.00074,0.00651,-0.00214
2001-07-06,-0.02708,-0.02955,-0.04295,-0.03818,-0.02839,0.0035,0.00064,0.00236,0.00074,-0.02588,-0.00664
2001-07-13,0.02123,0.0117,0.02006,0.00439,-0.04335,0.00557,0.00064,0.00748,0.00074,0.00483,0.01359
2001-07-20,-0.0039,0.00169,0.00297,-0.0094,0.00233,0.0104,0.00076,0.00781,0.00073,-0.00901,0.00043
2001-07-27,-0.00406,0.0016,0.00337,0.00022,0.00787,0.00416,0.00063,0.00295,0.00073,-0.00061,-0.00213
2001-08-03,0.00748,0.002,0.00352,0.02502,0.02584,-0.00184,0.0007,-0.0014,0.00072,0.01578,0.00746
2001-08-10,-0.01951,-0.026,-0.02066,-0.02354,-0.00418,0.00656,0.0007,0.0067,0.0007,-0.01553,-0.00317
2001-08-17,-0.02328,-0.00602,0.0128,0.00612,-0.00118,0.00466,0.00076,0.00686,0.00069,-0.00425,-0.00488
2001-08-24,0.01987,0.01712,0.00202,0.01001,-0.00981,-0.00072,0.00063,-0.00154,0.00069,0.00609,0.00896
2001-08-31,-0.04304,-0.01958,-0.01939,-0.02834,-0.00359,0.00749,0.0007,0.00671,0.00069,-0.01878,-0.01755
2001-09-07,-0.04192,-0.04673,-0.04151,-0.04746,-0.02294,-0.0015,0.00076,0.00179,0.00069,-0.0358,-0.01786
2001-09-14,0.00624,-0.00722,-0.01608,-0.06133,-0.11268,-3.0e-5,0.00297,0.01322,0.00067,-0.00384,-0.00175
2001-09-21,-0.11563,-0.1342,-0.13873,-0.07244,-0.05959,-0.00735,-0.00044,-0.0088,0.00051,-0.10604,-0.08013
2001-09-28,0.07819,0.06861,0.06473,0.07928,0.02451,0.00556,0.00038,0.00971,0.00051,0.05823,0.05036
2001-10-05,0.02969,0.02225,0.02451,0.03014,-0.01151,0.00903,0.00057,0.00639,0.00049,0.0197,0.01477
2001-10-12,0.01909,0.03155,0.02993,0.01746,0.03995,-0.0047,0.00038,-0.0065,0.00049,0.01865,0.00896
2001-10-19,-0.01655,-0.01434,-0.00739,-0.02586,0.01157,0.0067,0.00044,0.00456,0.00047,-0.01177,-0.01198
2001-10-26,0.02902,0.04069,0.03372,0.03076,0.02578,0.0029,0.0005,0.00741,0.00045,0.02316,0.02381
2001-11-02,-0.01539,-0.01543,-0.01306,-0.01388,-0.01079,0.00561,0.0005,0.01041,0.00044,-0.00647,-0.0068
2001-11-09,0.0309,0.02145,0.00902,0.02066,0.05105,0.00815,0.00069,0.00528,0.0004,0.01888,0.01811
2001-11-16,0.01685,0.01703,0.0244,0.00845,0.04633,-0.02203,0.00019,-0.03008,0.0004,0.01406,0.00087
2001-11-23,0.01036,0.01292,0.01803,-0.00458,0.02321,-0.00149,0.00038,-0.00612,0.00041,0.00504,0.0091
2001-11-30,-0.00917,0.00114,0.00534,-0.00365,-0.0185,0.0121,0.0005,0.0116,0.00041,-0.00125,0.00301
2001-12-07,0.01694,0.04095,0.04667,0.01434,0.09009,-0.01762,0.0005,-0.02088,0.00039,0.02511,0.00407
2001-12-14,-0.0302,-0.02302,-0.02227,-0.03433,-0.01832,-0.00258,0.00025,0.00204,0.00037,-0.02511,-0.0192
2001-12-21,0.01967,0.02052,0.03111,0.00146,-0.01237,0.00814,0.00038,0.00583,0.00037,0.00754,0.01348
2001-12-28,0.01443,0.02566,0.02031,0.01893,0.03917,0.00097,0.00031,-0.00177,0.00036,0.01621,0.01309
2002-01-04,0.01005,0.00691,0.01409,0.02121,0.05414,0.00255,0.00031,-0.00073,0.00036,0.01779,0.01165
2002-01-11,-0.02258,-0.0188,-0.019,-0.0292,-0.02549,0.0159,0.0005,0.0181,0.00035,-0.01447,-0.01403
2002-01-18,-0.01563,-0.02144,-0.02613,-0.01914,-0.01352,-0.00107,0.00031,-0.00042,0.00034,-0.01651,-0.01168
2002-01-25,0.00507,0.02067,0.01553,-0.01304,0.03528,-0.00539,0.00019,-0.00849,0.00035,0.00311,0.01246
2002-02-01,-0.00943,-0.00598,0.00684,-0.00756,-0.01052,0.00207,0.00031,0.00628,0.00036,-0.0062,-0.00149
2002-02-08,-0.0228,-0.01707,-0.02676,-0.01825,-0.0002,-0.0003,0.00044,0.00453,0.00035,-0.01622,-0.01169
2002-02-15,0.00778,0.00977,0.01181,0.02592,0.0252,0.00316,0.00025,0.00124,0.00036,0.01205,0.01376
2002-02-22,-0.01287,-0.00737,-0.00951,-0.02119,-0.02045,0.00152,0.00031,0.0027,0.00036,-0.01378,-0.00255
2002-03-01,0.03903,0.03856,0.03456,0.03184,0.03705,-0.00445,0.00031,-0.00767,0.00036,0.02795,0.02467
2002-03-08,0.02901,0.04351,0.04324,0.05579,0.02193,-0.00813,0.00031,-0.01581,0.00037,0.03214,0.00934
2002-03-15,0.00189,-2.0e-5,0.00069,-0.00179,0.00962,-0.00472,0.00031,-0.00178,0.00037,-0.0006,0.00596
2002-03-22,-0.01488,-0.00322,0.00687,-0.01281,0.01328,-0.00121,0.00037,-0.00233,0.00037,0.0,-0.0092
2002-03-29,-0.00098,0.01,0.00958,-0.00245,0.00307,0.00058,0.00044,0.00134,0.00036,0.003,0.0033
2002-04-05,-0.02128,-0.01976,-0.01246,0.00159,0.0164,0.00984,0.00031,0.01279,0.00036,-0.00717,-0.00576
2002-04-12,-0.01006,0.02241,0.03556,-0.01567,-0.00231,0.00131,0.00037,0.00361,0.00036,0.0012,-0.00228
2002-04-19,0.01283,0.01433,0.01181,0.03241,0.03048,0.00548,0.00031,-0.00067,0.00036,0.01502,0.00726
2002-04-26,-0.04331,-0.03201,-0.02292,-0.01036,-0.01682,0.00172,0.00031,0.00868,0.00035,-0.01895,-0.01996
2002-05-03,-0.00239,0.00577,0.02342,0.0096,-0.02333,-0.00421,0.00031,0.00266,0.00035,0.00181,0.00357
2002-05-10,-0.01682,-0.01537,-0.03626,-0.00686,-0.02048,0.00016,0.00037,-0.00169,0.00035,-0.01084,-0.00942
2002-05-17,0.0497,0.03546,0.02841,0.0241,0.02888,-0.00617,0.00031,-0.00739,0.00035,0.02132,0.0188
2002-05-24,-0.02049,-0.02036,-0.02704,-0.0033,-0.01542,0.01054,0.00037,0.0073,0.00035,-0.00775,-0.00124
2002-05-31,-0.01513,-0.01008,-0.01211,-0.00723,-0.02154,0.00801,0.00031,0.00505,0.00035,-0.00841,-0.00457
2002-06-07,-0.0367,-0.03623,-0.03563,-0.0282,-0.02701,-0.00181,0.00037,0.00026,0.00035,-0.02242,-0.02357
2002-06-14,-0.0195,-0.02671,-0.02629,-0.04145,-0.00352,0.01273,0.00037,0.0147,0.00035,-0.02046,-0.00854
2002-06-21,-0.01788,-0.00926,0.00774,-0.00083,-0.03807,-0.00047,0.00031,0.00255,0.00035,-0.00506,-0.00043
2002-06-28,0.00123,-0.00271,0.00209,0.03313,-0.02093,-0.01022,0.00037,-0.00338,0.00035,0.00891,0.0
2002-07-05,-0.00053,-0.02231,-0.03617,-0.00532,0.01793,-0.0037,0.00025,-0.00066,0.00035,-0.00757,-0.00603
2002-07-12,-0.06798,-0.0704,-0.06531,-0.04058,0.021,0.01295,0.00031,0.01501,0.00035,-0.04956,-0.04141
2002-07-19,-0.07981,-0.05225,-0.07544,-0.02921,-0.02768,-0.00181,0.00031,0.00203,0.00035,-0.05013,-0.04569
2002-07-26,0.00602,-0.01204,0.00169,-0.06288,-0.0818,-0.00685,0.00037,0.00847,0.00035,-0.02745,0.00308
2002-08-02,0.01384,0.00748,-0.01578,0.01392,0.00557,0.00579,0.00043,0.00864,0.00035,0.00579,0.01394
2002-08-09,0.05186,0.0411,0.04297,0.02316,-0.00554,-0.00242,0.00031,0.00278,0.00034,0.03165,0.02866
2002-08-16,0.02275,0.03145,0.02503,0.00948,0.0178,-0.00323,0.00031,-0.00259,0.00035,0.01813,0.00227
2002-08-23,0.01318,0.00962,0.00937,0.00886,0.0029,0.01569,0.00025,0.0061,0.00035,0.01027,0.01198
2002-08-30,-0.02607,-0.02352,-0.02165,-0.01853,-0.01005,0.00641,0.00031,0.00524,0.00035,-0.01695,-0.01206
2002-09-06,-0.02374,-0.0039,5.0e-5,-0.03347,-0.04009,0.00281,0.00031,0.00535,0.00035,-0.02,-0.0208
2002-09-13,-0.00417,-0.00886,-0.00083,-0.0238,0.01204,0.01037,0.00031,0.00718,0.00035,-0.00633,-0.00115
2002-09-20,-0.04978,-0.05238,-0.05589,-0.03244,-0.04071,0.00311,0.00037,0.00528,0.00035,-0.04533,-0.02797
2002-09-27,-0.02086,-0.00843,-0.0051,0.00618,-0.05438,-5.0e-5,0.00031,0.00439,0.00035,-0.01632,-0.01284
2002-10-04,-0.03213,-0.05335,-0.03996,-0.04063,-0.00895,-0.00225,0.00031,0.00054,0.00035,-0.02564,-0.02265
2002-10-11,0.04401,0.03116,-0.00375,0.00873,-0.06186,-0.01548,0.00031,-0.00447,0.00035,0.01006,0.0175
2002-10-18,0.05887,0.05466,0.06164,0.0453,0.09719,-0.0139,0.00025,-0.01657,0.00035,0.04598,0.02665
2002-10-25,0.01502,0.01353,0.02041,-0.01136,0.02308,0.00631,0.00031,0.00337,0.00035,0.00366,0.00826
2002-11-01,0.00415,0.01081,0.01952,0.01354,0.00364,0.01249,0.00049,0.00822,0.00032,0.0073,0.0096
2002-11-08,-0.00636,-0.02082,-0.01882,0.01355,0.04425,0.01628,0.00062,0.00868,0.00027,0.00145,0.00325
2002-11-15,0.01747,0.02201,0.01338,0.00417,-0.00807,0.00032,0.00025,-0.00826,0.00027,0.01447,0.00393
2002-11-22,0.02297,0.02717,0.02922,0.01681,0.00735,-0.00154,0.00018,-0.00663,0.00027,0.02068,0.01841
2002-11-29,0.00655,0.00899,0.00466,0.00957,0.0166,0.00295,0.00031,-0.00122,0.00028,0.00699,0.00994
2002-12-06,-0.02531,-0.01869,-0.00999,-0.02714,-0.00861,0.00553,0.00018,0.00725,0.00028,-0.02082,-0.01253
2002-12-13,-0.02462,-0.02046,-0.01487,-0.01598,-0.00278,0.00685,0.00025,0.00348,0.00027,-0.01701,-0.01133
2002-12-20,0.0074,0.00707,-0.00424,-0.00077,0.01183,0.00839,0.00025,0.00642,0.00027,0.00433,0.0094
2002-12-27,-0.02229,-0.0151,-0.00646,-0.00077,-0.01831,0.00824,0.00031,0.00854,0.00027,-0.01292,-0.01181
2003-01-03,0.03817,0.02814,0.01921,0.03407,0.01225,-0.00815,0.00012,-0.01096,0.00027,0.02836,0.02344
2003-01-10,0.0213,0.00952,0.00614,0.00335,0.01421,-0.00212,0.00025,-0.00504,0.00026,0.01202,0.00988
2003-01-17,-0.02756,-0.02442,-0.02121,-0.00751,0.00252,0.01126,0.00025,0.00859,0.00026,-0.01328,-0.01423
2003-01-24,-0.04467,-0.03335,-0.0304,-0.02421,-0.01856,0.00439,0.00025,0.00629,0.00026,-0.02833,-0.0309
2003-01-31,-0.00623,-0.00252,-0.00639,-0.02395,-0.01035,0.0001,0.00018,-0.00174,0.00026,-0.00875,-0.00209
2003-02-07,-0.02987,-0.03192,-0.03647,-0.01227,-0.03518,0.00525,0.00025,0.00382,0.00026,-0.01838,-0.01702
2003-02-14,0.00684,-0.01206,0.00268,0.00487,-0.02353,-0.00189,0.00018,-0.00097,0.00026,0.0015,0.0
2003-02-21,0.01625,0.02725,0.01053,0.00089,0.02434,0.00469,0.00025,0.00333,0.00026,0.01272,0.0102
2003-02-28,-0.0077,-0.00639,-0.00848,-0.016,-0.02586,0.0124,0.00018,0.01095,0.00026,-0.01034,-0.0047
2003-03-07,-0.01413,-0.01944,-0.02283,-0.02851,-0.022,0.0024,0.00031,0.00415,0.00025,-0.01418,-0.00849
2003-03-14,0.00581,-0.00249,-0.00293,0.00372,0.0022,-0.00476,0.00025,-0.00474,0.00025,0.00151,-0.00666
2003-03-21,0.07519,0.06603,0.06422,0.0382,0.02916,-0.01582,0.00018,-0.01895,0.00025,0.0446,0.04217
2003-03-28,-0.03584,-0.02184,-0.01805,-0.01408,-0.02086,0.01372,0.00025,0.01098,0.00025,-0.01737,-0.01632
2003-04-04,0.01801,0.00667,0.0082,0.00513,0.0138,0.0011,0.00025,-0.00112,0.00025,0.01546,0.00911
2003-04-11,-0.01145,-0.01173,-0.00706,0.0053,0.02185,-4.0e-5,0.00012,-0.00036,0.00025,-0.00508,-0.00486
2003-04-18,0.02923,0.02639,0.03183,0.02678,0.04336,0.0065,0.00018,0.00202,0.00025,0.02551,0.01885
2003-04-25,0.00589,0.01387,0.00818,-0.0001,-0.05242,0.00956,0.00031,0.00577,0.00025,0.00071,0.00822
2003-05-02,0.03528,0.04079,0.04957,0.03597,0.02719,0.0062,0.00025,0.00041,0.00025,0.03267,0.0256
2003-05-09,0.00403,0.00918,0.01198,0.0233,0.02739,0.01413,0.00025,0.01231,0.00025,0.00825,0.01038
2003-05-16,0.01236,0.00634,-0.01358,0.02433,-0.00123,0.01045,0.00025,0.01245,0.00025,0.01228,0.01683
2003-05-23,-0.01161,0.00499,0.00643,-0.00991,0.00785,0.00743,0.00018,0.00794,0.00025,-0.0027,-0.00043
2003-05-30,0.03282,0.04424,0.05317,0.01118,0.02615,0.00175,0.00018,-0.0015,0.00025,0.02365,0.01893
2003-06-06,0.02555,0.02032,0.02473,0.03897,0.02949,0.00075,0.00025,0.00062,0.00024,0.0264,0.01837
2003-06-13,0.00128,-0.00327,-0.0035,0.01691,0.02939,0.01736,0.00043,0.01466,0.00022,0.00257,0.00477
2003-06-20,0.0073,0.00417,0.00661,0.00194,0.0134,-0.0137,0.00024,-0.0156,0.0002,0.0077,-0.00103
2003-06-27,-0.01915,-0.00411,-0.00042,-0.02283,-0.00929,-0.0091,0.00012,-0.00854,0.00022,-0.01209,-0.01611
2003-07-04,0.00992,0.01106,0.01488,0.01345,0.04362,-0.00293,0.00012,-0.00219,0.00021,0.01353,0.0042
2003-07-11,0.01313,0.01907,0.03252,-0.00255,0.0084,0.00281,0.00018,0.00094,0.00021,0.00509,0.00105
2003-07-18,-0.00471,-0.00537,-0.0169,-0.00964,-0.00533,-0.01355,0.00018,-0.01549,0.00021,-0.00759,-0.00564
2003-07-25,0.00543,-0.00089,0.00646,0.02093,0.01714,-0.00831,0.00012,-0.00924,0.00021,0.00892,0.00336
2003-08-01,-0.01803,-0.00349,-0.00549,-0.00742,0.00124,-0.01743,0.00018,-0.01507,0.00021,-0.01327,-0.01549
2003-08-08,-0.00235,-0.01557,-0.01468,-0.00501,-0.01214,0.00844,0.00018,0.00921,0.00021,-0.0032,0.00808
2003-08-15,0.01421,0.02834,0.03748,0.02981,0.03523,-0.01259,0.00018,-0.01019,0.00021,0.01477,0.00654
2003-08-22,0.0026,0.02119,0.02489,0.00556,0.0301,0.00759,0.00018,0.00433,0.00021,0.00759,-0.00126
2003-08-29,0.01537,0.0219,0.0197,-0.00016,0.00209,0.00296,0.00018,0.00207,0.00022,0.00879,0.01112
2003-09-05,0.01364,0.00933,0.01736,0.03077,0.01902,0.00696,0.00018,0.00599,0.00022,0.01494,0.0083
2003-09-12,-0.00223,-0.00512,-0.00657,0.0024,0.00196,0.00555,0.00018,0.00517,0.00022,-0.00184,0.00226
2003-09-19,0.01744,0.02187,0.01292,0.03888,0.00479,0.00879,0.00018,0.00504,0.00022,0.01844,0.00965
2003-09-26,-0.03769,-0.04417,-0.05906,-0.03251,-0.0218,0.00696,0.00024,0.00835,0.00022,-0.02655,-0.01993
2003-10-03,0.03335,0.04383,0.05837,0.03503,0.02473,-0.00665,0.00018,-0.00805,0.00022,0.03038,0.01846
2003-10-10,0.00847,0.0128,0.0117,0.02402,0.04148,-0.0009,0.00018,-0.0017,0.00022,0.01264,0.0057
2003-10-17,0.00144,-0.0023,0.00337,0.01094,0.00051,-0.00319,0.00012,-0.00721,0.00022,0.00416,0.0002
2003-10-24,-0.00991,-0.00701,-0.02079,-0.02669,-0.0082,0.00848,0.00012,0.01028,0.00022,-0.01243,-0.00142
2003-10-31,0.02167,0.03105,0.04081,0.01363,0.02727,-0.00121,0.00018,-0.00334,0.00022,0.01558,0.01176
2003-11-07,0.00288,0.02094,0.02615,0.01097,0.01195,-0.00906,0.00018,-0.00776,0.00022,0.00531,0.002
2003-11-14,-0.00207,-0.00443,-0.01273,0.00572,0.00459,0.01721,0.00018,0.01352,0.00022,0.00176,0.0062
2003-11-21,-0.01414,-0.01565,-0.01017,-0.01825,-0.02897,0.00432,0.00018,0.00414,0.00022,-0.01406,-0.00875
2003-11-28,0.02245,0.0343,0.03497,0.01995,0.01445,-0.00718,0.00024,-0.00849,0.00022,0.01961,0.01243
2003-12-05,0.00353,-0.00815,-0.01145,0.02694,0.02866,0.00816,0.00012,0.00721,0.00022,0.00524,0.01327
2003-12-12,0.01226,0.00676,0.01378,-0.00827,0.00668,-0.00113,0.00018,-0.00032,0.00022,0.00754,0.00997
2003-12-19,0.01385,0.00399,0.00083,0.02152,-0.00784,0.00777,0.00018,0.00638,0.00022,0.00921,0.01123
2003-12-26,0.00665,0.00788,0.0123,0.00944,0.01145,0.00099,0.00024,0.00062,0.00022,0.00684,0.00459
2004-01-02,0.01207,0.00627,0.00397,0.03148,0.03747,-0.00987,-0.00018,-0.01067,0.00022,0.01642,0.00686
2004-01-09,0.01242,0.01545,0.01403,0.02514,0.04211,0.01716,0.00018,0.01568,0.00021,0.01671,0.00833
2004-01-16,0.01613,0.01566,0.02021,-0.0121,-0.01128,0.00512,0.00018,0.00408,0.00021,0.00603,0.0077
2004-01-23,0.00162,0.00862,0.01762,0.01803,0.00962,-0.00203,0.00018,-0.0023,0.00021,0.0098,0.00075
2004-01-30,-0.00871,-0.01775,-0.02441,-0.01916,-0.01197,-0.00413,0.00012,-0.00314,0.00021,-0.01672,-0.008
2004-02-06,0.01053,0.01106,0.00962,0.00984,0.00321,0.00222,0.00018,0.0035,0.00021,0.00823,0.00732
2004-02-13,0.00342,0.01372,0.00264,0.01895,0.04113,0.00556,0.00018,0.00392,0.00021,0.01034,0.00857
2004-02-20,-0.00128,-0.00935,-0.00546,-0.00576,-0.00336,-0.00195,0.00012,-0.00206,0.00021,-0.00377,-0.00203
2004-02-27,0.00119,0.00854,0.01243,-0.00356,0.0074,0.00659,0.00024,0.007,0.00021,0.00216,0.00648
2004-03-05,0.01078,0.02414,0.02429,0.01672,0.02502,0.00834,0.00012,0.00786,0.00021,0.01133,0.01066
2004-03-12,-0.0309,-0.02943,-0.0235,-0.04251,-0.0411,0.00265,0.00012,0.00398,0.00021,-0.02773,-0.01856
2004-03-19,-0.00949,-0.01337,-0.01854,0.01982,0.02328,-0.00028,0.00024,-0.00073,0.00021,0.00329,-0.00482
2004-03-26,-0.00153,-0.0007,0.00316,-0.00353,-0.03792,-0.00211,0.00018,-0.00222,0.00021,-0.00109,-0.00484
2004-04-02,0.03083,0.03869,0.04816,0.03407,0.0456,-0.01414,0.00012,-0.01458,0.00021,0.02737,0.01628
2004-04-09,-0.00182,-0.002,-0.00626,-0.0009,0.01268,-0.00186,0.00018,-0.00272,0.00021,0.00107,-0.00368
2004-04-16,-0.00404,-0.0159,-0.01735,-0.01345,-0.00863,-0.00731,0.00024,-0.00737,0.00021,-0.01064,-0.0024
2004-04-23,0.00541,0.01201,0.01577,-0.00603,-0.00267,-0.00478,0.00018,-0.00597,0.00021,0.00215,0.00037
2004-04-30,-0.02876,-0.04002,-0.04339,-0.02288,-0.0798,-0.00287,0.00018,-0.0014,0.00021,-0.0306,-0.01574
2004-05-07,-0.00751,-0.0168,-0.02019,-0.01627,-0.02187,-0.01647,0.00012,-0.01294,0.00021,-0.01107,-0.01148
2004-05-14,-0.00198,-0.00839,-0.00791,-0.03835,-0.0505,-0.00116,0.0003,0.00103,0.00021,-0.01288,-0.00286
2004-05-21,-0.00163,-1.0e-5,0.00652,0.0259,0.01787,0.00297,0.00012,0.00197,0.00021,0.0051,-0.00172
2004-05-28,0.02509,0.04699,0.03773,0.02726,0.04069,0.00758,0.00024,0.0066,0.00021,0.02088,0.01645
2004-06-04,0.00199,-0.00389,-0.00019,0.00068,-0.0363,-0.0068,-6.0e-5,-0.00659,0.00022,-0.00111,0.00151
2004-06-11,0.01269,0.00539,0.00923,0.00616,-0.00516,0.00038,0.00012,-0.00046,0.00024,0.00996,0.00751
2004-06-18,-0.00098,-0.00057,0.01066,0.01002,-0.00551,0.00506,0.0003,0.00469,0.00025,-0.00274,0.00485
2004-06-25,-0.00028,0.01495,0.02326,0.00839,0.03424,0.00442,0.00012,0.00441,0.00026,0.00495,0.00204
2004-07-02,-0.00755,-0.0079,-0.00184,0.0002,-0.00071,0.00933,0.00024,0.01024,0.00026,-0.00492,-0.0013
2004-07-09,-0.01081,-0.0181,-0.02795,-0.00271,-0.00047,0.00069,0.0003,0.00064,0.00026,-0.00604,-0.00371
2004-07-16,-0.01014,-0.00664,-0.00815,-0.00477,-0.01255,0.00731,0.00018,0.00527,0.00027,-0.00663,-0.00149
2004-07-23,-0.01368,-0.02132,-0.02866,-0.02939,-0.01982,-0.00358,0.00024,-0.004,0.00028,-0.01503,-0.01118
2004-07-30,0.01478,0.01347,0.02271,0.00315,0.00677,8.0e-5,0.00018,-0.0006,0.00029,0.00904,0.01018
2004-08-06,-0.034,-0.04692,-0.05497,-0.00949,-0.00607,0.0137,0.00024,0.01367,0.0003,-0.02184,-0.01381
2004-08-13,0.00151,-0.00325,-0.00289,-0.0102,0.00644,0.00129,0.00024,0.00102,0.00031,0.00114,0.00208
2004-08-20,0.03186,0.04286,0.05599,0.0147,0.02882,0.00059,0.00024,-8.0e-5,0.00031,0.0223,0.01907
2004-08-27,0.00886,0.01069,0.00471,0.00961,0.01487,0.00189,0.00024,0.00065,0.00032,0.00671,0.00537
2004-09-03,0.00576,0.00861,0.01013,0.00048,0.01031,-0.00173,0.00018,-0.00262,0.00033,0.00333,0.00663
2004-09-10,0.00948,0.00921,0.02222,0.01706,0.01581,0.00683,0.00018,0.00658,0.00034,0.01052,0.00604
2004-09-17,0.00446,0.00535,0.00707,-0.00134,0.01632,0.00512,0.0003,0.00306,0.00035,0.00493,0.00546
2004-09-24,-0.0161,-0.006,-0.00905,-0.00274,-0.00491,0.00502,0.00036,0.00445,0.00035,-0.00763,-0.00597
2004-10-01,0.01956,0.02294,0.03345,0.02167,0.02817,-0.00612,0.00036,-0.00653,0.00035,0.01758,0.01293
2004-10-08,-0.00776,-0.01251,-0.01685,0.01346,0.02122,0.00401,0.0003,0.0032,0.00036,-0.00108,-0.00144
2004-10-15,-0.01231,-0.01478,-0.01182,-0.01231,-0.03074,0.00502,0.0003,0.00446,0.00036,-0.01135,-0.0108
2004-10-22,-0.01112,0.00262,-0.0022,0.00938,0.00587,0.00342,0.00024,0.00419,0.00037,-0.0082,-0.004
2004-10-29,0.03196,0.02663,0.02988,0.01086,0.01051,0.00052,0.0003,-0.00092,0.00038,0.02095,0.01919
2004-11-05,0.0321,0.02977,0.03864,0.0346,0.03691,-0.00657,0.00018,-0.00809,0.0004,0.02862,0.01918
2004-11-12,0.01621,0.02355,0.02431,0.00957,0.01184,0.00112,0.0003,-0.00012,0.0004,0.01522,0.00985
2004-11-19,-0.01133,-0.01091,-0.0127,0.01151,0.01824,0.00078,0.00036,0.00048,0.00041,-0.00362,-0.00679
2004-11-26,0.01075,0.02128,0.02964,0.00949,0.0094,-0.00059,0.00036,-0.00116,0.00042,0.00986,0.00912
2004-12-03,0.00772,0.00704,0.01139,0.01375,0.02043,0.00081,0.00036,7.0e-5,0.00045,0.00925,0.00295
2004-12-10,-0.00233,-0.00518,-0.01748,-0.02813,-0.0275,0.0076,0.00036,0.00609,0.00046,-0.01018,-0.00121
2004-12-17,0.00549,0.01633,0.01611,0.01591,0.03098,-0.00167,0.00054,-0.0017,0.00046,0.01183,0.00711
2004-12-24,0.01371,0.01049,0.01136,0.02885,0.01807,0.00117,0.00042,0.00023,0.00047,0.01373,0.01051
2004-12-31,0.0017,0.00773,0.00447,0.01089,0.02276,0.00076,0.00042,0.0006,0.00046,0.00451,0.0029
2005-01-07,-0.0208,-0.04291,-0.05706,-0.02838,-0.04156,-0.00264,0.0003,-0.00289,0.00047,-0.01897,-0.01717
2005-01-14,-0.00121,0.00907,0.01441,0.00519,0.01876,0.00343,0.00036,0.00437,0.00048,0.00407,0.00069
2005-01-21,-0.01395,-0.01031,-0.00612,-0.00795,-0.00547,0.00457,0.00054,0.00485,0.00049,-0.00862,-0.00605
2005-01-28,0.00319,0.00481,0.00755,0.00675,0.01567,0.00229,0.00024,0.00044,0.0005,0.00869,0.00469
2005-02-04,0.02749,0.03967,0.04752,0.01556,0.0218,0.00548,0.00054,0.00431,0.0005,0.02534,0.02163
2005-02-11,0.00264,0.00179,-0.00314,0.0069,0.00873,-0.00012,0.00036,-0.00039,0.0005,0.00099,0.00356
2005-02-18,-0.00273,-0.00175,-0.00367,0.01324,0.02659,-0.00758,0.00042,-0.00737,0.0005,0.00148,-0.00169
2005-02-25,0.00868,0.01388,0.01322,0.00487,0.02488,0.00042,0.00036,-0.00053,0.00052,0.00986,0.00998
2005-03-04,0.00926,0.01314,0.01521,0.01848,0.006,-0.00052,0.00048,-0.00096,0.00053,0.01172,0.00804
2005-03-11,-0.0175,-0.01517,-0.02702,0.00174,-0.00117,-0.01054,0.00054,-0.00985,0.00054,-0.01062,-0.01379
2005-03-18,-0.00855,-0.00755,-0.00404,-0.01207,-0.03779,-0.00183,0.00042,0.00176,0.00055,-0.00976,-0.00539
2005-03-25,-0.01528,-0.01221,-0.01443,-0.02427,-0.02559,-0.00497,0.00048,-0.00372,0.00055,-0.01478,-0.01371
2005-04-01,0.00162,0.00251,-0.00403,-6.0e-5,0.01111,0.00299,0.0006,0.00812,0.00055,0.0035,0.00258
2005-04-08,0.00747,-0.00155,-0.00176,0.00226,-0.00636,-0.00124,0.0006,-0.00123,0.00056,0.00598,0.00445
2005-04-15,-0.03249,-0.04274,-0.04937,-0.02014,-0.03329,0.00467,0.00048,0.01142,0.00057,-0.02576,-0.01977
2005-04-22,0.00844,0.01143,0.01612,0.00236,0.00154,0.00591,0.00048,0.00158,0.00058,0.00763,0.00817
2005-04-29,0.00455,-0.0025,-0.01657,-0.01526,-0.00654,0.00136,0.0006,0.00355,0.00059,0.0,0.00311
2005-05-06,0.01283,0.02322,0.03038,0.01687,0.03603,-0.00451,0.0006,-0.00317,0.00059,0.0116,0.00671
2005-05-13,-0.014,-0.01689,-0.02305,-0.02536,-0.02493,0.00458,0.0006,0.00757,0.00059,-0.01546,-0.01298
2005-05-20,0.03098,0.04245,0.04653,0.00109,0.01023,0.0023,0.00048,0.00049,0.00059,0.01925,0.01886
2005-05-27,0.00829,0.01089,0.01287,0.00923,0.01006,0.00689,0.00048,0.00294,0.0006,0.01093,0.00713
2005-06-03,-0.00196,0.00709,0.00602,0.00287,0.0124,0.00774,0.00048,0.00646,0.00061,0.00344,0.00084
2005-06-10,0.00206,0.00691,0.00826,-0.00012,0.00074,-0.0041,0.00054,-0.00312,0.00062,0.00441,0.00236
2005-06-17,0.01608,0.02117,0.02514,0.01841,0.02677,-0.00069,0.0006,-0.00113,0.00063,0.01317,0.01126
2005-06-24,-0.02062,-0.02427,-0.02676,-0.0072,-0.00891,0.00968,0.00048,0.00902,0.00064,-0.01493,-0.00981
2005-07-01,0.00285,0.02022,0.02526,-0.00731,-0.00164,-0.005,0.00048,-0.0055,0.00064,0.0044,0.00101
2005-07-08,0.0149,0.01888,0.02814,-0.00083,-0.01132,-0.00293,0.00065,-0.00273,0.00065,0.0073,0.00721
2005-07-15,0.01344,0.00525,0.00076,0.01675,0.03927,-0.00027,0.00048,-0.00228,0.00066,0.01111,0.00466
2005-07-22,0.00482,0.01328,0.0204,0.01087,0.01948,-0.00113,0.00053,-0.0017,0.00067,0.0086,0.00497
2005-07-29,0.00084,0.00681,0.00414,0.00965,0.00929,-0.00052,0.00071,-0.00213,0.00068,0.00189,0.00346
2005-08-05,-0.00604,-0.0163,-0.01845,0.00647,0.02066,-0.0066,0.00042,-0.00492,0.00068,0.0,-0.00148
2005-08-12,0.00387,0.00507,-0.00104,0.03487,0.00829,0.00869,0.00065,0.00761,0.00069,0.00757,0.01037
2005-08-19,-0.00813,-0.01216,-0.01412,-0.01984,-0.0363,0.00227,0.00065,0.00216,0.0007,-0.01079,-0.00782
2005-08-26,-0.01188,-0.00656,-0.00932,0.00376,-0.00064,0.0023,0.00065,0.00149,0.00071,-0.00522,-0.00443
2005-09-02,0.01134,0.01358,0.02365,0.02665,0.02874,0.00718,0.00065,0.00987,0.00071,0.01621,0.01435
2005-09-09,0.01949,0.01866,0.02125,0.0105,0.01829,-0.00437,0.00071,-0.00454,0.00072,0.01595,0.00894
2005-09-16,-0.00248,-0.00628,-0.00596,-0.00404,0.00765,-0.00738,0.00065,-0.00622,0.00073,-0.00554,0.00032
2005-09-23,-0.01803,-0.02102,-0.02191,-0.00757,-0.00077,0.00103,0.00077,0.0011,0.00074,-0.01161,-0.00854
2005-09-30,0.01137,0.02246,0.02111,0.02141,0.02687,-0.00407,0.00059,-0.00401,0.00074,0.01504,0.00796
2005-10-07,-0.02629,-0.03255,-0.03283,-0.02352,-0.03163,-0.00077,0.00059,-0.00039,0.00076,-0.02315,-0.01725
2005-10-14,-0.00761,-0.01674,-0.01842,-0.00781,-0.02431,-0.00867,0.00047,-0.00554,0.00077,-0.00853,-0.01017
2005-10-21,-0.00575,0.00167,-0.00195,-0.02252,-0.01986,0.00747,0.00077,0.00515,0.00078,-0.01052,-0.0053
2005-10-28,0.01623,0.01099,0.00568,0.01132,-0.00295,-0.01023,0.00053,-0.00781,0.00079,0.00773,0.011
2005-11-04,0.01861,0.03598,0.03502,0.02194,0.04796,-0.00411,0.00065,-0.00421,0.00079,0.02253,0.00923
2005-11-11,0.01272,0.00785,0.00862,0.00283,0.01579,0.00573,0.00059,0.0054,0.00079,0.00656,0.00686
2005-11-18,0.01151,0.01338,0.0095,0.00554,0.01271,0.00259,0.00088,0.00337,0.0008,0.00838,0.00827
2005-11-25,0.01615,0.01917,0.01818,0.00946,0.01142,0.00456,0.00076,0.00385,0.00081,0.01339,0.01094
2005-12-02,-0.00185,0.00378,0.00891,0.01467,0.01725,-0.00366,0.00065,-0.00349,0.00083,0.00593,0.00191
2005-12-09,-0.00416,-0.00078,-0.00412,0.01024,0.00722,-1.0e-5,0.00094,0.00067,0.00084,0.0,-0.00222
2005-12-16,0.00656,-0.00303,-0.01043,0.01938,0.00832,0.0063,0.00076,0.00546,0.00084,0.00544,0.00509
2005-12-23,0.00149,0.00871,0.00529,0.00564,0.02253,0.00512,0.00082,0.0044,0.00084,0.00676,0.0038
2005-12-30,-0.0158,-0.01371,-0.01774,-0.00438,0.01059,0.00019,0.00053,0.00056,0.00084,-0.00806,-0.00852
2006-01-06,0.03023,0.03364,0.03327,0.04974,0.05627,0.00124,0.00053,0.00113,0.00085,0.03023,0.01941
2006-01-13,0.00186,0.00533,0.01201,-0.00234,0.01322,0.00265,0.00064,0.00266,0.00086,0.00263,0.00062
2006-01-20,-0.02016,-0.01051,-0.00446,-0.01769,-0.0213,0.00042,0.00088,3.0e-5,0.00087,-0.01704,-0.00655
2006-01-27,0.0178,0.02215,0.03467,0.02865,0.03267,-0.00617,0.0007,-0.00638,0.00088,0.02133,0.01366
2006-02-03,-0.01484,-0.00319,-0.0076,-0.00774,-0.01116,0.00048,0.00082,-9.0e-5,0.00088,-0.00653,-0.01146
2006-02-10,0.00287,-0.00891,-0.01181,-0.00926,-0.00051,-0.00317,0.00076,-0.003,0.00088,-0.00219,0.00031
2006-02-17,0.01658,0.01225,0.01799,-0.00192,0.01209,0.00462,0.00087,0.00314,0.00088,0.00878,0.01159
2006-02-24,0.00221,0.00809,0.0088,0.0171,0.00461,7.0e-5,0.00076,-0.00076,0.00089,0.00696,-0.00031
2006-03-03,-0.00123,-0.00086,0.00092,-0.00126,-0.0067,-0.00517,0.00093,-0.00454,0.0009,-0.00173,-0.00093
2006-03-10,-0.004,-0.01845,-0.01441,-0.00655,-0.03525,-0.00324,0.00081,-0.00243,0.00091,-0.00693,-0.00481
2006-03-17,0.02043,0.02555,0.02766,0.03409,0.03664,0.00578,0.00087,0.00541,0.00092,0.02136,0.01683
2006-03-24,-0.00325,0.0023,0.01283,-0.00113,-0.01705,0.00042,0.00081,0.00051,0.00093,-0.00085,-0.00061
2006-03-31,-0.00599,0.00763,0.01306,0.00591,0.02251,-0.00958,0.00087,-0.00795,0.00093,0.00171,-0.00767
2006-04-07,0.00098,0.00012,-0.00959,0.01739,0.03038,-0.00465,0.00081,-0.00406,0.00093,0.01066,0.00124
2006-04-14,-0.00472,-0.00952,-0.0087,-0.01169,0.00187,-0.00315,0.00081,-0.00252,0.00094,-0.00506,-0.00154
2006-04-21,0.01734,0.03062,0.0297,0.03389,0.03669,0.00395,0.00098,0.00274,0.00095,0.02375,0.01963
2006-04-28,-0.0001,-0.00672,-0.01093,0.00457,0.00537,0.00038,0.00115,-0.00027,0.00097,-0.00083,0.0
2006-05-05,0.01181,0.01766,0.02517,0.02692,0.03131,-0.00083,0.00058,-0.0016,0.00098,0.01658,0.01228
2006-05-12,-0.02532,-0.03263,-0.04377,-0.01153,-0.01052,-0.00459,0.00092,-0.00337,0.00098,-0.02162,-0.01587
2006-05-19,-0.01831,-0.03329,-0.02321,-0.05547,-0.07121,0.0073,0.00092,0.0074,0.00098,-0.02626,-0.01339
2006-05-26,0.01067,0.00441,0.00798,0.0046,-0.02393,0.00023,0.00086,0.0007,0.00098,0.0,0.00833
2006-06-02,0.00679,0.01793,0.00751,0.00916,-0.00175,0.0038,0.00098,0.00382,0.00099,0.00599,0.00551
2006-06-09,-0.02754,-0.04414,-0.04477,-0.05918,-0.07545,0.00093,0.00086,0.00114,0.001,-0.03702,-0.02129
2006-06-16,-0.00026,-0.00645,-0.0094,-0.0062,0.00325,-0.00909,0.00092,-0.00627,0.00101,-0.00088,-0.00295
2006-06-23,-0.00534,0.00134,-0.00254,0.00297,-0.01496,-0.00547,0.00097,-0.00389,0.00103,-0.00088,-0.00281
2006-06-30,0.02091,0.03222,0.03998,0.04488,0.06157,0.00743,0.00092,0.00567,0.00103,0.02745,0.0186
2006-07-07,-0.00324,-0.01482,-0.01636,0.00307,0.00396,0.00178,0.00097,0.00118,0.00103,0.0,0.00077
2006-07-14,-0.02293,-0.03394,-0.0384,-0.04273,-0.03805,0.00414,0.00086,0.00446,0.00103,-0.01939,-0.01196
2006-07-21,0.00345,-0.02027,-0.01924,0.00487,0.01511,0.00269,0.00097,0.0021,0.00104,-0.00264,0.00357
2006-07-28,0.03109,0.03972,0.03774,0.04271,0.02773,0.00549,0.00091,0.00396,0.00104,0.0304,0.02505
2006-08-04,0.00112,0.00308,0.00584,0.01132,0.0053,0.00572,0.00091,0.00513,0.00104,0.0047,0.00211
2006-08-11,-0.00916,-0.0238,-0.02801,-0.01407,0.00075,-0.00337,0.00091,-0.00288,0.00103,-0.00596,-0.00873
2006-08-18,0.02853,0.03549,0.04241,0.02643,0.01821,0.00916,0.00097,0.00688,0.00102,0.02012,0.01974
2006-08-25,-0.00533,-0.0199,-0.02144,-0.00854,-0.02121,0.00338,0.00097,0.00258,0.00103,-0.00671,-0.0006
2006-09-01,0.01294,0.02483,0.026,0.01606,0.0212,0.00462,0.00096,0.0041,0.00103,0.01141,0.01058
2006-09-08,-0.00898,-0.01861,-0.01526,-0.01941,-0.00975,-0.00122,0.00119,-0.00104,0.00103,-0.01003,-0.0087
2006-09-15,0.01653,0.01698,0.02711,-0.00121,0.00416,0.00045,0.00096,-0.00046,0.00103,0.00928,0.00446
2006-09-22,-0.00359,-0.01183,-0.01284,0.00381,-0.00577,0.01177,0.00102,0.01069,0.00102,0.0,0.00281
2006-09-29,0.01627,0.01583,0.00782,0.01131,0.01599,-9.0e-5,0.00107,-0.00044,0.00102,0.01296,0.01122
2006-10-06,0.01082,0.01329,0.01516,0.00435,0.00709,-0.0031,0.00073,-0.00264,0.00102,0.00825,0.00496
2006-10-13,0.01203,0.02711,0.03037,0.0068,0.02198,-0.00485,0.00079,-0.00463,0.00102,0.01187,0.00639
2006-10-20,0.00233,-0.00546,-0.00296,0.01554,0.00349,0.00334,0.0009,0.00201,0.00102,0.00364,0.00491
2006-10-27,0.00656,0.00904,0.00786,0.01428,0.01043,0.00775,0.0009,0.00628,0.00102,0.00685,0.00891
2006-11-03,-0.00897,-0.01355,-0.01733,-0.00541,0.01636,-4.0e-5,0.00096,-0.00082,0.00102,-0.0052,-0.00399
2006-11-10,0.01268,0.02079,0.02087,0.01154,0.01714,0.00897,0.0009,0.00669,0.00102,0.00885,0.00872
2006-11-17,0.01533,0.01745,0.02101,-0.00354,0.0009,0.00049,0.00101,1.0e-5,0.00102,0.00558,0.00553
2006-11-24,7.0e-5,0.00746,0.00676,0.01093,0.02451,0.00443,0.00101,0.00355,0.00102,0.00357,0.00381
2006-12-01,-0.00237,-0.00257,-0.00927,0.01159,0.0171,0.008,0.00095,0.00723,0.00103,0.00593,0.00239
2006-12-08,0.00976,0.00866,0.01338,0.0133,0.01158,-0.00566,0.00106,-0.00552,0.00103,0.00786,0.00658
2006-12-15,0.01254,0.00036,-0.00197,0.00771,0.00631,-0.00245,0.00101,-0.00146,0.00103,0.0078,0.00905
2006-12-22,-0.011,-0.01689,-0.01504,-0.00273,0.00064,-0.00036,0.00089,-0.0006,0.00103,-0.00503,-0.00841
2006-12-29,0.00563,0.00299,0.00815,0.00944,0.01562,-0.0029,0.00123,-0.00278,0.00102,0.00661,0.00473
2007-01-05,-0.00587,-0.00479,-0.01571,-0.01257,-0.0257,0.00488,0.00067,0.00358,0.00102,-0.00772,-0.00706
2007-01-12,0.01536,0.02525,0.02277,0.00714,0.00114,-0.00559,0.00084,-0.0051,0.00102,0.01207,0.00683
2007-01-19,-4.0e-5,-0.0047,-0.00735,0.00902,0.01236,0.00171,0.00095,0.00057,0.00102,0.00346,0.00374
2007-01-26,-0.00576,0.00349,0.00404,-0.00262,0.00561,-0.00427,0.001,-0.00395,0.00102,-0.00307,-0.00621
2007-02-02,0.01892,0.02915,0.03129,0.01927,0.02083,0.00398,0.00089,0.00331,0.00102,0.01692,0.01485
2007-02-09,-0.00656,0.00276,-0.0048,0.00397,0.00687,0.0042,0.00094,0.00268,0.00102,-0.00265,-0.00369
2007-02-16,0.01276,0.01659,0.01419,0.01818,0.01596,0.00685,0.00094,0.00521,0.00102,0.01099,0.0114
2007-02-23,-0.00258,0.01059,0.00998,0.00588,0.00782,0.00212,0.00094,0.00141,0.00102,-0.00075,-0.00095
2007-03-02,-0.04361,-0.05031,-0.05773,-0.04429,-0.05891,0.00805,0.00105,0.00937,0.00102,-0.04165,-0.02541
2007-03-09,0.01174,0.01144,0.01293,0.00883,0.01355,-0.0037,0.001,-0.00309,0.00102,0.01566,0.00683
2007-03-16,-0.01091,-0.01048,-0.00531,-0.00991,-0.00488,0.00129,0.00105,0.00337,0.00102,-0.00925,-0.00748
2007-03-23,0.03549,0.03872,0.04083,0.04136,0.04313,-0.00298,0.00094,-0.00234,0.00102,0.02996,0.02274
2007-03-30,-0.01035,-0.00819,-0.00983,-0.00504,0.0065,-0.0017,0.00116,-0.00055,0.00102,-0.00567,-0.00314
2007-04-06,0.01663,0.01591,0.01531,0.01944,0.02502,-0.00102,0.00072,-0.00077,0.00102,0.01482,0.01109
2007-04-13,0.00644,0.00751,0.00676,0.00864,0.01722,-0.00243,0.00116,-0.00333,0.00102,0.00749,0.00582
2007-04-20,0.02175,0.01403,0.01314,0.01663,0.01274,0.00718,0.00099,0.00579,0.00102,0.01635,0.01534
2007-04-27,0.00679,0.00729,0.00452,-0.00427,-0.00209,-0.00116,0.00099,-0.00052,0.00102,-0.00073,0.00543
2007-05-04,0.00817,0.00682,0.00826,0.00912,0.02245,0.00516,0.00104,0.00375,0.00102,0.00732,0.00817
2007-05-11,0.0008,0.00246,-0.00245,-0.00441,0.003,-0.00139,0.00099,-0.00111,0.00102,0.00073,0.00183
2007-05-18,0.01177,0.00483,-0.00547,0.00254,0.00604,-0.00576,0.00093,-0.00517,0.00102,0.00653,0.00901
2007-05-25,-0.00446,-0.00197,0.00705,-0.00161,0.00772,-0.00247,0.00082,-0.00172,0.00102,-0.00108,-0.00517
2007-06-01,0.01411,0.02876,0.02833,0.0183,0.03077,-0.0042,0.00093,-0.00359,0.00102,0.01552,0.00637
2007-06-08,-0.01829,-0.02429,-0.02482,-0.0285,-0.02122,-0.00941,0.00093,-0.00566,0.00102,-0.02204,-0.0177
2007-06-15,0.01707,0.01457,0.01898,0.02367,0.0372,-0.0009,0.00109,-0.00122,0.00102,0.01418,0.01328
2007-06-22,-0.01954,-0.01706,-0.01708,-0.00623,0.00884,0.00153,0.00104,0.00305,0.00102,-0.01075,-0.01103
2007-06-29,0.00079,-0.0008,-0.00064,0.00477,-0.00446,0.00739,0.00087,0.00628,0.00102,-0.00036,0.0063
2007-07-06,0.01854,0.0234,0.01837,0.01794,0.04462,-0.00874,0.00065,-0.00659,0.00102,0.01921,0.00913
2007-07-13,0.01457,0.01104,0.0108,0.01516,0.03343,0.0054,0.00087,0.00502,0.00102,0.01351,0.01305
2007-07-20,-0.01172,-0.01305,-0.01603,-0.00335,0.00669,0.00618,0.00098,0.00797,0.00102,-0.00912,-0.00434
2007-07-27,-0.04881,-0.06033,-0.06302,-0.05515,-0.06257,0.00163,0.00087,0.00909,0.00102,-0.04851,-0.03357
2007-08-03,-0.01736,-0.02097,-0.02308,-0.00094,-0.00621,0.00236,0.00092,0.00463,0.00103,-0.01675,-0.00716
2007-08-10,0.01496,0.01329,0.03234,-0.02694,-0.03247,-0.00469,0.00146,-0.00335,0.00108,-0.01552,0.00668
2007-08-17,-0.00471,-0.01496,-0.00232,-0.03914,-0.09365,0.00029,0.00206,0.00756,0.00106,-0.01038,-0.00279
2007-08-24,0.0233,0.03121,0.01977,0.04977,0.0871,0.00452,0.00016,0.00186,0.00106,0.03846,0.01809
2007-08-31,-0.00325,-0.00127,-0.00664,0.0147,0.03529,0.00352,0.00076,0.00599,0.0011,0.00187,0.00065
2007-09-07,-0.01321,-0.01096,-0.0198,-0.0106,-0.00158,0.00871,0.0007,0.01079,0.00112,-0.01232,-0.00326
2007-09-14,0.0215,0.01104,0.01201,0.00869,0.00959,-0.00678,0.00081,-0.0038,0.00108,0.01059,0.01323
2007-09-21,0.02823,0.02251,0.03362,0.03132,0.03811,0.00067,0.00129,-0.00594,0.00099,0.02581,0.01849
2007-09-28,0.00091,0.00391,-0.01018,0.02338,0.02785,0.00514,0.0007,0.00443,0.00099,0.00948,0.00229
2007-10-05,0.02072,0.03282,0.04482,0.01685,0.03562,0.0011,0.00027,-0.00326,0.00098,0.01915,0.00811
2007-10-12,0.00286,-0.0016,-0.00816,0.01015,0.01354,0.00074,0.00043,-0.00222,0.00097,0.00638,0.00402
2007-10-19,-0.03904,-0.03633,-0.05282,-0.0176,-0.01394,0.01461,0.00124,0.01593,0.00095,-0.02818,-0.01739
2007-10-26,0.02313,0.01856,0.03029,0.01496,0.03682,-0.00073,0.00048,0.00177,0.00092,0.01704,0.01044
2007-11-02,-0.01618,-0.00947,-0.03275,0.00288,-0.00921,0.00374,0.00123,0.00597,0.0009,-0.00713,-0.00807
2007-11-09,-0.03639,-0.02789,-0.0336,-0.02482,-0.01561,-0.00342,0.00123,0.00476,0.0009,-0.03661,-0.01537
2007-11-16,0.00413,-0.01074,-0.00323,-0.02333,-0.0263,0.0002,0.00048,0.00467,0.00091,-0.00335,0.00181
2007-11-23,-0.01213,-0.0203,-0.01584,-0.00823,-0.05648,0.00587,0.00107,0.00783,0.00092,-0.01121,-0.00438
2007-11-30,0.02852,0.0318,0.01691,0.03051,0.04474,-0.00406,0.00043,0.00283,0.00101,0.0242,0.01824
2007-12-07,0.01656,0.02906,0.02266,0.00686,0.03048,-0.01295,0.00075,-0.00647,0.00101,0.01107,0.00546
2007-12-14,-0.02414,-0.03389,-0.04229,-0.0347,-0.04819,-0.00113,0.00091,-0.00482,0.00096,-0.02227,-0.01605
2007-12-21,0.01173,0.01687,0.03608,-0.01335,-0.01311,0.00707,0.00053,0.00487,0.00094,0.00747,0.00783
2007-12-28,-0.00373,-0.00707,-0.01525,0.0208,0.03133,0.0053,0.00048,0.00395,0.00089,-0.00148,0.00242
2008-01-04,-0.04501,-0.05276,-0.06106,-0.01984,-0.0302,0.01289,0.00037,0.01408,0.00087,-0.03118,-0.01653
2008-01-11,-0.00702,-0.02573,-0.02429,-0.02693,-0.01309,-0.00286,0.00059,0.00322,0.00081,-0.01111,-0.00116
2008-01-18,-0.05395,-0.05012,-0.03812,-0.0494,-0.04805,0.00453,0.00106,0.00881,0.00076,-0.04339,-0.03701
2008-01-25,0.00415,0.02075,0.02729,-0.00244,-0.01464,0.00308,0.00117,0.00384,0.00064,0.0,-0.00121
2008-02-01,0.04902,0.06712,0.06842,0.02013,0.02113,-0.00037,0.00048,0.00136,0.0006,0.03605,0.03256
2008-02-08,-0.04521,-0.03536,-0.04046,-0.05086,-0.01332,-0.00317,5.0e-5,-0.00057,0.00061,-0.04066,-0.02906
2008-02-15,0.01462,0.00241,0.00239,0.02209,0.02635,-0.00824,0.00032,-0.00438,0.0006,0.02037,0.00993
2008-02-22,0.0029,0.00725,-0.0026,0.01,0.02577,-0.00085,0.00053,-4.0e-5,0.0006,0.00519,0.00452
2008-02-29,-0.0162,-0.01541,-0.0137,0.02389,0.01822,0.00982,0.00064,0.01366,0.0006,-0.00954,-0.00159
2008-03-07,-0.02732,-0.03483,-0.03139,-0.03374,-0.0242,-0.01289,0.0009,-2.0e-5,0.00058,-0.02607,-0.01908
2008-03-14,-0.00362,0.00073,0.00365,-0.00285,-0.02616,-0.00263,0.00074,0.00878,0.00053,-0.00412,-0.00041
2008-03-21,0.03231,0.01163,0.02559,-0.02708,-0.017,0.00761,0.00116,0.00451,0.0005,0.00455,0.01568
2008-03-28,-0.01044,0.0038,-0.00039,0.04855,0.0404,-0.00625,-0.0009,-0.00855,0.00052,0.00618,-0.00359
2008-04-04,0.04221,0.05543,0.04483,0.035,0.0364,0.00659,0.00021,-0.00161,0.00053,0.03151,0.02644
2008-04-11,-0.02689,-0.01909,-0.0372,-0.01541,0.00924,0.0038,0.00079,0.00196,0.00052,-0.0119,-0.01353
2008-04-18,0.04332,0.04428,0.04478,0.01631,0.01555,-0.01036,0.00011,-0.01496,0.00055,0.02609,0.01978
2008-04-25,0.00547,0.01103,0.00303,0.00796,-0.00324,-0.0013,0.00032,-0.00628,0.00055,0.00665,-0.00091
2008-05-02,0.01179,0.00864,0.00711,0.01051,0.01426,0.01133,-0.00016,0.00138,0.00052,0.01166,0.01126
2008-05-09,-0.01734,0.00393,-0.01164,-0.00528,-0.01539,0.00432,-5.0e-5,0.00646,0.00049,-0.00807,-0.00896
2008-05-16,0.02736,0.03541,0.03384,0.02709,0.04535,-0.00297,0.00011,-0.00533,0.00048,0.02634,0.01808
2008-05-23,-0.03438,-0.02833,-0.02334,-0.01534,-0.02415,-0.00216,0.00032,0.0014,0.00046,-0.02755,-0.01687
2008-05-30,0.0181,0.02767,0.03251,-0.00521,0.00521,-0.00803,0.00032,-0.0096,0.00047,0.01087,0.00465
2008-06-06,-0.02761,-0.00909,-0.01283,-0.01198,-0.01602,0.00683,0.00053,0.00727,0.00047,-0.01958,-0.01361
2008-06-13,-0.00013,-0.00889,-0.0075,-0.0466,-0.0528,-0.01864,0.00021,-0.01787,0.00048,-0.01449,-0.00977
2008-06-20,-0.03066,-0.01281,-0.00663,-0.01107,-0.01353,0.00558,0.00063,0.008,0.00048,-0.01629,-0.01749
2008-06-27,-0.02962,-0.0361,-0.04103,-0.01681,-0.0201,-0.00011,0.00053,0.00985,0.00048,-0.01656,-0.01312
2008-07-04,-0.01184,-0.0442,-0.04469,-0.02914,-0.05444,0.0004,-5.0e-5,0.00298,0.00047,-0.01602,-0.00773
2008-07-11,-0.01796,0.00153,0.00603,-0.0136,0.00956,-0.00181,0.00074,0.00055,0.00047,-0.01085,-0.00998
2008-07-18,0.01728,0.01607,0.0269,0.00859,-0.02437,-0.01377,0.00058,-0.00517,0.00047,0.00633,0.00442
2008-07-25,-0.00223,-0.00592,0.01803,0.00067,0.01442,0.00037,-0.00011,-0.00115,0.00047,-0.00545,-0.00509
2008-08-01,0.00238,0.00737,0.00766,-0.01371,-0.00376,0.00968,0.00042,0.00956,0.00047,0.00379,0.00414
2008-08-08,0.02926,0.01642,0.03652,-0.01753,-0.02691,0.00252,0.00032,0.0016,0.00047,0.0084,0.01307
2008-08-15,0.00223,0.01025,0.02499,-0.02367,-0.02145,0.00284,0.00016,0.00546,0.00047,-0.00833,-0.00041
2008-08-22,-0.00422,-0.00819,-0.02086,-0.00421,-0.01012,-0.00325,0.00042,0.00027,0.00048,0.00084,-0.0019
2008-08-29,-0.00686,0.00112,-2.0e-5,0.01873,-0.00798,0.00299,0.00042,0.00345,0.00048,0.0,0.00068
2008-09-05,-0.031,-0.03651,-0.02538,-0.07669,-0.09249,0.00594,0.00037,0.00813,0.00048,-0.04154,-0.01891
2008-09-12,0.00812,0.00408,0.01012,0.01163,0.00187,-0.0106,0.00052,-0.00198,0.00048,0.00088,0.00568
2008-09-19,0.00304,0.02124,0.04278,0.00025,-0.02459,-0.04775,5.0e-5,-0.00096,0.00061,-0.00656,-0.00868
2008-09-26,-0.03323,-0.06413,-0.05945,-0.02193,-0.01767,-0.017,0.00142,0.00022,0.00071,-0.03787,-0.02448
2008-10-03,-0.09344,-0.12087,-0.11243,-0.08372,-0.10274,-0.00742,0.00026,0.0126,0.00079,-0.08467,-0.06458
2008-10-10,-0.18141,-0.16911,-0.14829,-0.21478,-0.19915,-0.04172,0.00052,-0.00728,0.00088,-0.162,-0.13014
2008-10-17,0.04614,0.00964,0.00053,0.04018,-0.0219,-0.0253,-0.00047,-0.00642,0.0008,0.02983,0.02418
2008-10-24,-0.06757,-0.09629,-0.10897,-0.09569,-0.174,0.00864,0.00021,0.01183,0.00062,-0.07648,-0.03883
2008-10-31,0.10527,0.13395,0.14423,0.08649,0.18877,-0.00953,0.00026,-0.01087,0.0005,0.10038,0.06407
2008-11-07,-0.03777,-0.05044,-0.06137,0.00639,-0.01646,0.02161,0.00026,0.01134,0.00031,-0.02223,-0.01204
2008-11-14,-0.06113,-0.0769,-0.09082,-0.06219,-0.06329,0.00934,0.00021,0.00845,0.00028,-0.07638,-0.03166
2008-11-21,-0.08334,-0.11235,-0.10271,-0.10164,-0.12497,-0.00072,0.00016,0.02395,0.00027,-0.0928,-0.05122
2008-11-28,0.12092,0.16612,0.15334,0.11707,0.13036,0.00998,0.0,0.00839,0.00037,0.09186,0.07905
2008-12-05,-0.02179,-0.03143,-0.02453,-0.07217,-0.07838,0.01271,5.0e-5,0.01444,0.00036,-0.02741,-0.01691
2008-12-12,0.00477,0.0196,0.01375,0.08205,0.12191,0.00988,0.0,0.00583,0.0002,0.03342,0.01494
2008-12-19,0.00943,0.03161,0.03948,0.03843,0.06253,0.03465,0.0,0.01988,9.0e-5,0.01332,0.02362
2008-12-26,-0.01624,-0.01607,-0.0161,-0.01231,-0.04191,0.00661,0.0,-0.0014,9.0e-5,-0.00501,-0.00803
2009-01-02,0.06838,0.07142,0.06296,0.04922,0.04715,-0.00566,5.0e-5,-0.01362,8.0e-5,0.06667,0.04146
2009-01-09,-0.04386,-0.03757,-0.059,-0.0072,-0.00056,0.01886,-5.0e-5,0.00014,7.0e-5,-0.01887,-0.01894
2009-01-16,-0.04499,-0.02558,-0.03203,-0.07521,-0.05469,0.00603,0.0,0.00537,7.0e-5,-0.04207,-0.02738
2009-01-23,-0.02111,-0.02964,-0.05017,-0.06839,-0.04931,-0.01642,5.0e-5,-0.0162,8.0e-5,-0.0207,-0.02324
2009-01-30,-0.0071,-0.00506,-0.00411,0.03897,0.03196,0.00472,-0.0001,-0.01011,8.0e-5,0.00256,-0.00139
2009-02-06,0.05302,0.06451,0.05912,0.02124,0.05931,-0.00528,-5.0e-5,-0.00392,9.0e-5,0.04601,0.03286
2009-02-13,-0.04727,-0.04654,-0.05239,-0.02887,-0.01841,0.0104,5.0e-5,0.00365,9.0e-5,-0.0336,-0.02508
2009-02-20,-0.06751,-0.07666,-0.07393,-0.08319,-0.09617,-0.00781,0.0001,0.00451,9.0e-5,-0.05942,-0.04386
2009-02-27,-0.04489,-0.03628,-0.05294,-0.01302,-0.00639,-0.01693,0.0001,-0.00944,0.0001,-0.03629,-0.02835
2009-03-06,-0.06968,-0.09127,-0.09826,-0.06767,-0.01893,-0.00604,0.0001,0.01013,0.00011,-0.05649,-0.04442
2009-03-13,0.10788,0.11976,0.11664,0.05852,0.08212,-0.01084,5.0e-5,-0.0025,0.00011,0.07834,0.05913
2009-03-20,0.01595,0.01698,0.01508,0.07219,0.05404,0.01155,0.0,0.01235,0.0001,0.02125,0.01965
2009-03-27,0.06212,0.07468,0.07422,0.03025,0.06199,-0.00056,0.0001,-0.00302,0.0001,0.05235,0.03008
2009-04-03,0.03288,0.05194,0.06794,0.03764,0.05332,-0.00337,-5.0e-5,-0.00573,9.0e-5,0.03635,0.01941
2009-04-10,0.01745,0.02302,0.02976,0.00098,0.03082,0.00782,5.0e-5,-0.00089,9.0e-5,0.016,0.00772
2009-04-17,0.01537,0.02586,0.02764,0.03052,0.00381,0.01849,0.00016,-0.00041,9.0e-5,0.01635,0.01021
2009-04-24,-0.00362,0.00024,0.00347,0.00591,0.01517,0.00255,0.0,-0.00259,8.0e-5,0.00358,0.00051
2009-05-01,0.01328,0.01592,0.01931,0.01668,0.03154,0.00926,0.0,-0.00548,8.0e-5,0.01603,0.01465
2009-05-08,0.05948,0.05063,0.05143,0.07126,0.09205,0.01499,0.0,-0.00483,7.0e-5,0.05611,0.04846
2009-05-15,-0.04881,-0.06959,-0.07654,-0.01658,-0.02483,0.00868,5.0e-5,0.00906,6.0e-5,-0.03652,-0.02659
2009-05-22,0.00534,0.0104,0.00175,0.03758,0.04782,-0.0013,0.0,-0.01211,6.0e-5,0.0201,0.00651
2009-05-29,0.03661,0.04438,0.04624,0.02539,0.02707,0.01773,5.0e-5,-0.00068,6.0e-5,0.03153,0.02763
2009-06-05,0.0233,0.0361,0.05756,0.00528,0.00916,-0.00535,0.0,-0.02025,6.0e-5,0.0131,0.00472
2009-06-12,0.00711,0.00214,-0.01198,0.01817,-0.00083,0.01558,5.0e-5,0.00384,6.0e-5,0.01078,0.01049
2009-06-19,-0.02624,-0.03176,-0.02479,-0.0332,-0.04264,0.00238,0.0,0.00157,6.0e-5,-0.02399,-0.01704
2009-06-26,-0.00211,-0.00176,-0.00026,0.00296,0.01281,0.01276,5.0e-5,0.01364,6.0e-5,0.00492,0.0063
2009-07-03,-0.02422,-0.01992,-0.0235,-0.01122,0.00837,0.00592,5.0e-5,0.00275,6.0e-5,-0.0125,-0.01378
2009-07-10,-0.01868,-0.03155,-0.02545,-0.03217,-0.02164,0.01125,5.0e-5,0.009,6.0e-5,-0.01706,-0.01095
2009-07-17,0.06986,0.07682,0.07976,0.0591,0.05301,-0.00863,0.0,-0.0147,6.0e-5,0.05767,0.03949
2009-07-24,0.04156,0.05553,0.0514,0.04846,0.04554,0.0111,0.0,-0.00043,5.0e-5,0.0397,0.03011
2009-07-31,0.00864,0.01059,0.01683,0.0254,0.02561,0.0249,5.0e-5,0.00713,5.0e-5,0.01477,0.01304
2009-08-07,0.02383,0.04342,0.02899,0.01248,0.01822,-0.0105,5.0e-5,-0.01453,5.0e-5,0.01856,0.00932
2009-08-14,-0.00557,-0.0134,-0.01643,0.01046,0.00021,0.01712,5.0e-5,0.01454,5.0e-5,-0.00296,0.00147
2009-08-21,0.02272,0.02129,0.02876,0.00736,-0.00499,-0.00418,5.0e-5,-0.00016,5.0e-5,0.01729,0.01493
2009-08-28,0.0031,0.00573,-0.00325,0.02238,0.00729,0.01242,5.0e-5,0.00649,5.0e-5,0.00486,0.00476
2009-09-04,-0.0117,-0.01446,-0.01868,-0.021,0.00443,0.00149,5.0e-5,0.00191,5.0e-5,-0.00483,-0.00775
2009-09-11,0.02634,0.04028,0.03718,0.05368,0.04679,0.01264,0.0,0.00525,5.0e-5,0.02768,0.02098
2009-09-18,0.02473,0.03273,0.03731,0.01083,0.03289,-0.00027,0.0001,-0.00581,5.0e-5,0.02221,0.0136
2009-09-25,-0.02222,-0.03298,-0.02739,-0.01875,-0.01163,0.00729,5.0e-5,0.00684,5.0e-5,-0.01526,-0.01244
2009-10-02,-0.01801,-0.0214,-0.02997,-0.01032,0.00619,0.00045,0.0,0.00661,5.0e-5,-0.01221,-0.01062
2009-10-09,0.04575,0.05863,0.06006,0.02851,0.03689,-0.00474,0.0,-0.00777,5.0e-5,0.04373,0.02661
2009-10-16,0.01522,0.00824,0.00655,0.01292,0.02244,0.00232,0.0,-0.00043,5.0e-5,0.01275,0.01185
2009-10-23,-0.0072,-0.0092,-0.02371,0.00169,-0.00033,0.00224,5.0e-5,-0.00252,5.0e-5,-0.00629,-0.00248
2009-10-30,-0.03998,-0.05991,-0.05812,-0.0399,-0.05775,0.00692,0.0,0.00606,5.0e-5,-0.03891,-0.02196
2009-11-06,0.03258,0.03412,0.02691,0.01508,0.025,-0.00368,0.0,-0.00285,5.0e-5,0.02778,0.0192
2009-11-13,0.02327,0.02533,0.01129,0.02251,0.02833,0.00572,5.0e-5,0.00322,5.0e-5,0.01878,0.01551
2009-11-20,-0.00127,-0.01515,-0.0043,-0.0184,0.00257,0.00413,0.0,0.00467,5.0e-5,-0.0036,0.00218
2009-11-27,0.00059,-0.00503,-0.01175,-0.00238,-0.0259,0.00816,0.0,0.00765,5.0e-5,-0.00271,0.00544
2009-12-04,0.01359,0.02714,0.03999,0.02963,0.04583,-0.00991,0.0,-0.01132,5.0e-5,0.01584,0.00663
2009-12-11,0.00093,0.00582,-0.00065,-0.0213,-0.00972,0.00439,5.0e-5,-0.00096,4.0e-5,-0.00356,-0.00242
2009-12-18,-0.00346,0.01292,0.02349,-0.01672,-0.02142,0.0065,0.0,0.00035,4.0e-5,-0.00089,-0.00202
2009-12-25,0.02203,0.03485,0.03977,0.02492,0.02363,-0.01153,0.0,-0.01159,4.0e-5,0.01924,0.00756
2010-01-01,-0.0097,-0.01719,-0.0138,0.00469,0.01615,0.0028,-5.0e-5,-0.00162,4.0e-5,-0.00483,-0.00362
2010-01-08,0.02736,0.03516,0.0267,0.0258,0.0284,0.00851,5.0e-5,0.00343,4.0e-5,0.02911,0.01978
2010-01-15,-0.00767,-0.01172,-0.00837,0.00461,-0.00424,0.00642,0.0,0.00699,4.0e-5,-0.00729,-0.00172
2010-01-22,-0.0388,-0.02883,-0.02802,-0.03807,-0.04696,0.00129,5.0e-5,0.00432,4.0e-5,-0.03497,-0.02551
2010-01-29,-0.01622,-0.02585,-0.02366,-0.03486,-0.03225,1.0e-5,0.0,0.00097,4.0e-5,-0.01655,-0.00909
2010-02-05,-0.00679,-0.00784,-0.01799,-0.03285,-0.0399,-0.00042,-5.0e-5,0.00409,4.0e-5,-0.01137,-0.00876
2010-02-12,0.00973,0.02763,0.02787,0.01107,0.02588,-0.00884,5.0e-5,-0.00603,4.0e-5,0.01335,0.00345
2010-02-19,0.03185,0.03402,0.03566,0.01589,0.01271,-0.00042,0.0,-0.00429,4.0e-5,0.02498,0.01954
2010-02-26,-0.00372,-0.00205,-0.0023,0.00402,0.00095,0.01336,0.0,0.01027,4.0e-5,-0.00177,0.0004
2010-03-05,0.03122,0.04378,0.05458,0.03404,0.04379,-0.00184,-5.0e-5,-0.00401,4.0e-5,0.03285,0.02051
2010-03-12,0.01063,0.01778,0.01757,0.01899,0.01706,0.00263,5.0e-5,-0.00124,4.0e-5,0.01203,0.00476
2010-03-19,0.00867,0.00183,0.0016,-0.00079,0.00671,0.0051,0.0,0.0008,5.0e-5,0.00552,0.00882
2010-03-26,0.00593,0.00249,0.0047,-0.0009,-0.00493,-0.00697,5.0e-5,-0.00628,5.0e-5,0.00253,0.00104
2010-04-02,0.01022,0.01357,0.00674,0.02168,0.03495,-0.00137,0.0,-0.00291,5.0e-5,0.01264,0.00977
2010-04-09,0.01433,0.02171,0.02491,0.00507,0.01649,0.0059,5.0e-5,0.00307,5.0e-5,0.01539,0.00735
2010-04-16,-0.00177,0.00771,0.01729,-0.00021,-0.00901,0.01139,0.0,0.00664,5.0e-5,-0.00246,0.0
2010-04-23,0.02118,0.0356,0.04193,-0.01422,-0.0067,-0.00247,5.0e-5,-0.00279,5.0e-5,0.01684,0.00794
2010-04-30,-0.02486,-0.03126,-0.03402,-0.01745,-0.00251,0.00881,0.0,0.00874,5.0e-5,-0.02383,-0.01347
2010-05-07,-0.06341,-0.08034,-0.07969,-0.09764,-0.09215,-0.00253,0.0001,0.01111,7.0e-5,-0.06868,-0.04006
2010-05-14,0.02299,0.04357,0.06108,0.02228,0.03689,0.00384,0.0,0.00082,6.0e-5,0.02621,0.01141
2010-05-21,-0.04172,-0.04959,-0.0603,-0.04923,-0.07745,0.00496,0.0,0.00965,7.0e-5,-0.04242,-0.02202
2010-05-28,0.00218,0.01741,0.01106,0.01031,0.03391,-0.01171,5.0e-5,-0.00451,7.0e-5,0.00859,-0.0038
2010-06-04,-0.02224,-0.03449,-0.03895,-0.01308,-0.00234,0.00617,5.0e-5,0.00591,7.0e-5,-0.02107,-0.01375
2010-06-11,0.02573,0.03075,0.02204,0.01241,0.00408,-0.00464,0.00016,-0.00048,7.0e-5,0.02152,0.01823
2010-06-18,0.02393,0.02093,0.02391,0.04067,0.03923,0.00416,-5.0e-5,4.0e-5,7.0e-5,0.02555,0.01614
2010-06-25,-0.03629,-0.03732,-0.03062,-0.02551,-0.00428,0.00709,5.0e-5,0.00591,7.0e-5,-0.02316,-0.02002
2010-07-02,-0.0499,-0.05719,-0.06148,-0.02914,-0.03253,0.00706,-5.0e-5,0.00568,7.0e-5,-0.04295,-0.02574
2010-07-09,0.05469,0.05374,0.04865,0.05033,0.04033,-0.00025,0.0,-0.00236,7.0e-5,0.04488,0.03509
2010-07-16,-0.01198,-0.01727,-0.02788,0.00802,-0.00129,0.01177,5.0e-5,0.00658,7.0e-5,-0.0085,-0.00135
2010-07-23,0.0357,0.0503,0.06133,0.01533,0.03237,0.00028,5.0e-5,-0.00191,6.0e-5,0.0343,0.0169
2010-07-30,-0.00073,-0.00397,-0.00169,0.01407,0.00939,0.00905,5.0e-5,0.00591,6.0e-5,0.00175,0.00771
2010-08-06,0.01873,0.0157,-0.00296,0.02972,0.02161,0.00512,0.0,0.00319,6.0e-5,0.01699,0.01557
2010-08-13,-0.03711,-0.04803,-0.06009,-0.04652,-0.02798,0.00456,5.0e-5,0.00573,5.0e-5,-0.04111,-0.02313
2010-08-20,-0.00651,0.003,0.00173,-0.01015,0.00933,0.00839,0.0,0.00444,5.0e-5,0.00089,-0.00426
2010-08-27,-0.00619,-0.00281,0.01005,-0.00184,-0.01825,-0.00544,5.0e-5,-0.00172,5.0e-5,-0.00535,-0.00588
2010-09-03,0.03797,0.04431,0.04141,0.0394,0.03376,-0.00235,5.0e-5,-0.00186,5.0e-5,0.03096,0.02392
2010-09-10,0.00488,-0.00335,-0.01245,0.00916,0.01061,-0.00152,0.0,-0.00424,5.0e-5,0.00261,0.00131
2010-09-17,0.01501,0.02273,0.02291,0.01524,0.02392,0.00341,0.0,0.00347,5.0e-5,0.01519,0.00891
2010-09-24,0.02068,0.01993,0.02878,0.02492,0.01647,0.00687,5.0e-5,0.00583,5.0e-5,0.02095,0.01533
2010-10-01,-0.00178,0.01006,0.00895,0.00486,0.0323,0.00718,0.0,0.00482,5.0e-5,0.00754,0.00102
2010-10-08,0.01709,0.00943,0.02103,0.02609,0.01256,0.00884,5.0e-5,0.00542,5.0e-5,0.01621,0.0138
2010-10-15,0.00958,0.0106,0.01698,0.01189,0.01762,-0.01279,0.0,-0.00783,5.0e-5,0.01104,-0.00038
2010-10-22,0.00607,0.00631,0.00046,-0.00557,-0.01324,0.00476,5.0e-5,0.00242,5.0e-5,0.0,0.0053
2010-10-29,0.00038,0.0054,-0.00084,-0.00229,0.00098,0.001,0.0,-0.00102,5.0e-5,0.00324,-0.001
2010-11-05,0.03643,0.03884,0.04725,0.03329,0.04296,0.00472,5.0e-5,0.00174,5.0e-5,0.03468,0.02411
2010-11-12,-0.02103,-0.01961,-0.02013,-0.02328,-0.02918,-0.01133,5.0e-5,-0.00933,5.0e-5,-0.02416,-0.01839
2010-11-19,0.001,0.00798,0.00255,-0.00207,-0.00901,-0.00422,0.0,-0.00444,5.0e-5,0.0016,0.0
2010-11-26,-0.00823,0.01088,0.01493,-0.02971,-0.02911,-0.00055,0.0,0.00119,5.0e-5,-0.01196,-0.01049
2010-12-03,0.03025,0.03215,0.03089,0.03208,0.03857,-0.00616,5.0e-5,-0.0051,5.0e-5,0.02946,0.01868
2010-12-10,0.01321,0.01413,0.02535,0.00304,-0.00694,-0.0084,5.0e-5,-0.01206,5.0e-5,0.00666,0.00781
2010-12-17,0.00306,0.00441,0.00871,-0.0001,0.00304,0.00229,5.0e-5,0.00091,5.0e-5,0.0,0.00258
2010-12-24,0.01073,0.00912,0.0112,0.01525,0.0108,-0.00294,0.0,-0.00369,5.0e-5,0.00974,0.00711
2010-12-31,0.00091,-0.00349,-0.00958,0.0099,0.02326,0.00942,5.0e-5,0.00577,5.0e-5,0.00501,0.00414
2011-01-07,0.0116,0.00377,0.00094,-0.00807,-0.00719,0.00023,-5.0e-5,-0.00118,5.0e-5,0.00499,0.00582
2011-01-14,0.01724,0.02279,0.02414,0.02507,0.01067,0.00096,5.0e-5,0.00049,5.0e-5,0.01833,0.01314
2011-01-21,-0.00747,-0.01794,-0.03659,-0.00334,-0.01787,-0.00228,0.0,-0.00299,5.0e-5,-0.01275,-0.00071
2011-01-28,-0.00532,0.00392,0.00739,0.00442,-0.00928,0.00579,5.0e-5,0.00526,5.0e-5,-0.00304,-0.0025
2011-02-04,0.0274,0.0299,0.02636,0.01877,0.0009,-0.01347,5.0e-5,-0.01423,5.0e-5,0.02743,0.01361
2011-02-11,0.01463,0.02635,0.02626,-0.00104,-0.02954,0.0027,5.0e-5,-0.00093,5.0e-5,0.00704,0.00683
2011-02-18,0.01104,0.01342,0.01391,0.02148,0.02712,0.00519,5.0e-5,0.00322,5.0e-5,0.01252,0.0103
2011-02-25,-0.01667,-0.01795,-0.01735,-0.0147,-0.02123,0.00805,0.0,0.00808,5.0e-5,-0.01709,-0.00857
2011-03-04,0.00123,0.00474,0.00652,0.01124,0.0335,-0.00097,5.0e-5,-0.00176,5.0e-5,0.00703,0.00117
2011-03-11,-0.0121,-0.01575,-0.02256,-0.03531,-0.02562,0.0046,5.0e-5,0.00495,5.0e-5,-0.0169,-0.00863
2011-03-18,-0.01913,-0.01054,-0.00953,-0.02464,-0.0089,0.0047,0.0,0.00575,5.0e-5,-0.01756,-0.01
2011-03-25,0.02719,0.02949,0.03361,0.03345,0.04166,-0.00659,5.0e-5,-0.00785,5.0e-5,0.02587,0.0145
2011-04-01,0.0145,0.0272,0.02753,0.00764,0.03704,0.00052,5.0e-5,-0.0003,5.0e-5,0.02188,0.01195
2011-04-08,-0.00259,-0.00868,-0.00819,0.0174,0.01883,-0.00242,5.0e-5,-0.00445,4.0e-5,0.00327,0.00127
2011-04-15,-0.00625,-0.00492,-0.00484,-0.01241,-0.019,0.01002,-5.0e-5,0.00888,4.0e-5,-0.00868,-0.0037
2011-04-22,0.01351,0.01282,0.01234,0.0212,0.01934,0.00138,5.0e-5,0.00062,4.0e-5,0.01423,0.0058
2011-04-29,0.01987,0.02045,0.02359,0.02007,-0.00118,0.00746,0.0,0.0066,4.0e-5,0.01799,0.01881
2011-05-06,-0.01682,-0.02564,-0.03008,-0.02354,-0.03377,0.00824,5.0e-5,0.00634,4.0e-5,-0.02615,-0.00997
2011-05-13,-0.00108,0.00546,0.00698,-0.02066,-0.01586,-0.00061,0.0,0.00051,4.0e-5,-0.00363,-0.00366
2011-05-20,-0.00279,-0.00688,-0.0085,-0.00671,-0.00607,0.00226,0.0,0.00222,4.0e-5,-0.00182,-0.00149
2011-05-27,-0.00109,0.00375,0.00776,0.00345,0.00626,0.00277,0.0,0.00506,4.0e-5,0.00182,0.0015
2011-06-03,-0.02302,-0.02905,-0.03213,-0.00311,0.00895,0.00172,0.0,0.00358,4.0e-5,-0.01493,-0.0116
2011-06-10,-0.02215,-0.0303,-0.03214,-0.02473,-0.0216,0.00091,0.0,0.00219,4.0e-5,-0.02329,-0.01371
2011-06-17,0.00099,0.00133,0.00789,-0.01214,-0.02038,0.00021,0.0,0.00113,4.0e-5,-0.00341,-0.00024
2011-06-24,-0.00224,0.01429,0.01496,-0.00567,0.00766,0.00241,5.0e-5,0.00406,4.0e-5,0.0019,-0.00283
2011-07-01,0.05666,0.05228,0.05742,0.04983,0.03865,-0.01317,0.0,-0.01468,4.0e-5,0.04738,0.03226
2011-07-08,0.00354,0.01024,0.01334,-0.00305,0.00639,0.01322,0.0,0.00936,4.0e-5,0.0029,0.00195
2011-07-15,-0.02045,-0.02857,-0.02605,-0.02318,-0.02279,0.00319,0.0,0.00453,4.0e-5,-0.01913,-0.01417
2011-07-22,0.02223,0.01608,0.01512,0.03127,0.01768,-0.00059,0.0,-0.00176,4.0e-5,0.01803,0.01275
2011-07-29,-0.03906,-0.04856,-0.04935,-0.02377,-0.01291,0.01016,-5.0e-5,0.00788,4.0e-5,-0.03072,-0.02117
2011-08-05,-0.07151,-0.1043,-0.09348,-0.09736,-0.08523,0.0084,0.0001,0.01087,4.0e-5,-0.07494,-0.04314
2011-08-12,-0.01637,-0.00165,-0.02307,-0.00657,-0.04758,-0.00123,0.0,0.01327,4.0e-5,-0.01814,-0.0121
2011-08-19,-0.04632,-0.06515,-0.06398,-0.03453,-0.02122,0.00247,0.0,0.00919,4.0e-5,-0.03982,-0.02189
2011-08-26,0.04775,0.06117,0.06082,0.00803,0.00452,-0.01187,0.0,-0.00432,4.0e-5,0.03078,0.01998
2011-09-02,-0.0018,-0.00306,-0.00998,0.02439,0.04599,0.016,0.0,0.00856,4.0e-5,0.00456,0.00335
2011-09-09,-0.01651,-0.01142,-0.01257,-0.05127,-0.02815,-0.0,0.0,0.00347,4.0e-5,-0.01858,-0.01557
2011-09-16,0.05418,0.05246,0.05572,0.01828,-0.01447,-0.01076,0.0,-0.00584,4.0e-5,0.03576,0.02999
2011-09-23,-0.06525,-0.08264,-0.08139,-0.07277,-0.11548,0.00588,0.0,0.01431,5.0e-5,-0.06539,-0.04094
2011-09-30,-0.0041,-0.01609,-0.00648,0.02185,0.01735,-0.00536,0.0,-0.00444,5.0e-5,-0.00652,0.00521
2011-10-07,0.02208,0.02311,0.02371,0.01645,0.00216,-0.01081,0.0,-0.00581,5.0e-5,0.01487,0.01175
2011-10-14,0.06008,0.07116,0.07917,0.04558,0.05949,0.00287,0.0,-0.00635,5.0e-5,0.05647,0.0351
2011-10-21,0.01141,0.00645,0.0014,0.00145,-0.01695,0.01083,5.0e-5,0.00078,5.0e-5,0.0053,0.01183
2011-10-28,0.03794,0.05762,0.06537,0.06262,0.09316,0.00832,0.0,-0.00364,5.0e-5,0.04545,0.02684
2011-11-04,-0.02449,-0.01199,-0.01742,-0.05598,-0.02067,0.01033,0.0,0.01313,5.0e-5,-0.0198,-0.01824
2011-11-11,0.0094,-0.0078,0.00244,-0.00467,-0.01822,-0.00898,0.0,-6.0e-5,5.0e-5,-0.00079,0.00473
2011-11-18,-0.03748,-0.03444,-0.02943,-0.04008,-0.03798,-0.00442,0.0,0.00295,5.0e-5,-0.0325,-0.02485
2011-11-25,-0.04656,-0.05621,-0.07136,-0.05584,-0.06145,-0.0076,0.0,0.00299,5.0e-5,-0.04342,-0.03273
2011-12-02,0.07465,0.08508,0.10127,0.0877,0.09265,0.00458,0.0,-0.00304,5.0e-5,0.0651,0.05044
2011-12-09,0.00915,0.00506,0.0144,-0.0093,-0.02793,0.0012,5.0e-5,-0.00045,5.0e-5,0.00603,0.00808
2011-12-16,-0.02787,-0.03303,-0.02536,-0.04018,-0.03497,0.01016,-5.0e-5,0.00981,5.0e-5,-0.02718,-0.0132
2011-12-23,0.03791,0.03425,0.03942,0.02319,0.02474,-0.00956,0.0,-0.00977,6.0e-5,0.02876,0.0221
2011-12-30,-0.00578,-0.00599,-0.01049,0.00746,-0.01103,0.01262,0.0,0.00862,6.0e-5,-0.00359,0.00094
2012-01-06,0.01669,0.01418,0.01245,-0.0015,0.01337,-0.00119,0.0,-0.00389,6.0e-5,0.01202,0.01051
2012-01-13,0.009,0.01722,0.01691,0.00736,0.02914,0.00948,0.0,0.00554,5.0e-5,0.01109,0.0089
2012-01-20,0.02061,0.02652,0.02689,0.0383,0.0434,-0.00496,0.0,-0.00797,5.0e-5,0.02154,0.01432
2012-01-27,0.00088,0.01262,0.0142,0.01651,0.02366,0.0124,-5.0e-5,0.00568,5.0e-5,0.01304,-0.00056
2012-02-03,0.02216,0.0312,0.04225,0.0219,0.03422,0.00099,0.0,-0.00283,5.0e-5,0.02233,0.01446
2012-02-10,-0.00125,-0.0068,-0.02263,-0.004,-0.00524,0.00592,0.0,0.00059,5.0e-5,-0.00222,-0.0039
2012-02-17,0.01475,0.02138,0.01958,0.01392,0.01943,-0.00275,5.0e-5,-0.00251,5.0e-5,0.01262,0.01062
2012-02-24,0.0037,0.00093,-0.00422,0.01695,0.00432,0.00593,0.0,0.00177,5.0e-5,0.00623,0.00243
2012-03-02,0.00338,-0.00795,-0.029,-0.00607,0.01097,0.00544,5.0e-5,0.00062,5.0e-5,0.00073,0.00397
2012-03-09,0.00139,0.00821,0.01704,-0.01071,-0.01864,-0.00671,0.0,-0.00314,5.0e-5,-0.00073,-0.00121
2012-03-16,0.02476,0.01666,0.01827,0.01938,0.00358,-0.00821,0.0,-0.01122,5.0e-5,0.01566,0.01233
2012-03-23,-0.00493,-0.00976,0.00044,-0.0144,-0.02024,0.00327,0.0,0.0034,5.0e-5,-0.00466,-0.00359
2012-03-30,0.00851,0.00385,0.00377,-0.00194,-0.00224,0.00121,5.0e-5,0.00108,5.0e-5,0.00684,0.00491
2012-04-06,-0.00669,-0.00987,-0.01218,-0.02822,-0.00682,0.00721,0.0,0.00748,5.0e-5,-0.0093,-0.0089
2012-04-13,-0.0197,-0.01997,-0.02526,-0.01024,-0.00916,0.00199,0.0,0.00327,5.0e-5,-0.01517,-0.0103
2012-04-20,0.00612,0.0124,0.00966,0.01445,-0.00554,0.00078,5.0e-5,0.00124,5.0e-5,0.00623,0.00974
2012-04-27,0.01825,0.02391,0.02608,0.0082,-0.0041,0.00242,0.0,0.00176,5.0e-5,0.01531,0.01031
2012-05-04,-0.02408,-0.0339,-0.03589,-0.02543,-0.00741,0.00597,0.0,0.00247,5.0e-5,-0.02333,-0.01281
2012-05-11,-0.01063,-0.00042,-0.00111,-0.02675,-0.03776,-0.00023,0.0,0.00295,5.0e-5,-0.01103,-0.00671
2012-05-18,-0.04228,-0.06115,-0.04845,-0.05965,-0.06662,-0.00226,5.0e-5,0.00635,5.0e-5,-0.04422,-0.0259
2012-05-25,0.01769,0.03263,0.0187,-0.00276,-0.0052,-0.00395,0.0,-0.00168,5.0e-5,0.01477,0.005
2012-06-01,-0.02958,-0.04062,-0.03671,-0.02648,-0.01165,0.01318,5.0e-5,0.01282,5.0e-5,-0.02529,-0.01458
2012-06-08,0.03767,0.03358,0.039,0.02238,0.01402,-0.00802,0.0,-0.00856,5.0e-5,0.03027,0.02111
2012-06-15,0.01342,-0.00561,-0.00122,0.0205,0.02081,0.00504,0.0,0.00272,5.0e-5,0.00878,0.01337
2012-06-22,-0.00559,-0.0044,0.00248,0.00184,-0.00738,0.00085,0.0,-0.00349,5.0e-5,-0.00492,-0.00432
2012-06-29,0.02079,0.02835,0.03323,0.02987,0.01951,0.00215,5.0e-5,0.00081,5.0e-5,0.02128,0.01548
2012-07-06,-0.00484,0.00617,0.0075,-0.00488,0.01005,0.00897,0.0,0.00544,5.0e-5,-0.00112,-0.00461
2012-07-13,0.00173,-0.00464,-0.00275,-0.00854,-0.02013,0.00713,0.0,0.00277,5.0e-5,0.00112,0.00551
2012-07-20,0.00461,-0.00314,-0.00832,0.00501,0.00948,0.01082,5.0e-5,0.00264,5.0e-5,0.00372,0.00548
2012-07-27,0.01724,0.01037,0.00628,0.01158,0.00333,-0.00508,0.0,-0.00441,5.0e-5,0.01261,0.01057
2012-08-03,0.00403,-0.00443,-0.00465,0.01179,0.01156,0.00218,5.0e-5,-0.00055,5.0e-5,0.00622,0.00302
2012-08-10,0.01153,0.01855,0.01709,0.02031,0.02639,-0.00012,-5.0e-5,-0.0019,5.0e-5,0.01164,0.00591
2012-08-17,0.00955,0.01703,0.02142,0.0097,-0.00603,-0.00955,5.0e-5,-0.0076,5.0e-5,0.00755,0.00085
2012-08-24,-0.0047,-0.00764,-0.01128,-0.00104,-0.00401,0.00888,0.0,0.00641,5.0e-5,-0.00214,0.0
2012-08-31,-0.00277,0.00194,0.00475,-0.00814,-0.01799,0.00761,0.0,0.00602,4.0e-5,0.0,0.0
2012-09-07,0.02276,0.03423,0.03532,0.02855,0.02191,-0.00341,0.0,-0.0047,4.0e-5,0.02111,0.01281
2012-09-14,0.01985,0.02266,0.0251,0.03622,0.04627,-0.00519,5.0e-5,-0.00833,4.0e-5,0.02032,0.01139
2012-09-21,-0.0036,-0.02007,-0.01541,-0.0095,-0.00551,0.00851,5.0e-5,0.00467,4.0e-5,-0.00584,-0.00031
2012-09-28,-0.01295,-0.01644,-0.02069,-0.02307,-0.00301,0.00717,0.0,0.00537,4.0e-5,-0.01105,-0.00459
2012-10-05,0.01476,0.00762,0.00496,0.02117,0.00786,2.0e-5,-5.0e-5,-0.00449,4.0e-5,0.01118,0.01142
2012-10-12,-0.02185,-0.02067,-0.02536,-0.02055,-0.01185,0.0098,0.0,0.00372,4.0e-5,-0.01623,-0.01067
2012-10-19,0.00341,0.01223,0.00129,0.02311,0.00905,0.00188,5.0e-5,-0.00481,4.0e-5,0.00316,0.0067
2012-10-26,-0.01478,-0.01279,-0.00934,-0.01752,-0.01525,-0.00295,5.0e-5,0.00083,4.0e-5,-0.0098,-0.00842
2012-11-02,0.00182,0.01368,0.00664,0.00688,0.01261,0.00116,0.0,0.00105,4.0e-5,0.00141,0.00178
2012-11-09,-0.02322,-0.01767,-0.0208,-0.02017,-0.01181,0.00276,0.0,0.00686,4.0e-5,-0.01483,-0.01403
2012-11-16,-0.01363,-0.01692,-0.02258,-0.02067,-0.0218,-0.00118,5.0e-5,0.00178,4.0e-5,-0.0129,-0.01009
2012-11-23,0.03656,0.03896,0.0386,0.04579,0.02478,-0.00403,0.0,-0.00488,4.0e-5,0.03303,0.02102
2012-11-30,0.00558,0.01098,0.01776,0.01098,0.01212,0.00384,5.0e-5,0.00351,4.0e-5,0.00808,0.00494
2012-12-07,0.00202,0.00277,0.00031,0.00729,0.01524,-0.00017,0.0,-0.00043,4.0e-5,0.00244,0.00491
2012-12-14,-0.00261,-0.0004,-0.00081,0.01177,0.01785,-0.00155,0.0001,-0.00272,4.0e-5,0.00139,-0.00229
2012-12-21,0.01208,0.021,0.03132,0.012,0.00061,0.00054,0.0,-0.00205,4.0e-5,0.01007,0.00761
2012-12-28,-0.01897,-0.01729,-0.0171,-3.0e-5,0.01488,0.00335,0.0,0.00218,4.0e-5,-0.01375,-0.01035
2013-01-04,0.04586,0.0516,0.05401,0.01813,0.0221,-0.00738,-5.0e-5,-0.00808,4.0e-5,0.0373,0.02593
2013-01-11,0.00428,0.00191,-0.00099,0.01345,-0.00081,0.0033,0.0,0.00247,4.0e-5,0.00437,0.00673
2013-01-18,0.00961,0.01526,0.01632,-7.0e-5,0.00734,-0.00016,0.0,0.00103,4.0e-5,0.00937,0.00658
2013-01-25,0.01153,0.02128,0.01689,0.01266,-0.01049,-0.00555,5.0e-5,-0.00403,4.0e-5,0.00696,0.00805
2013-02-01,0.00722,0.00471,0.00207,0.01003,0.00359,-0.00372,0.0,-0.00185,4.0e-5,0.00592,0.0003
2013-02-08,0.00381,0.00707,0.00563,-0.01154,-0.01106,0.00345,0.0,0.00233,4.0e-5,0.00131,0.0011
2013-02-15,0.00201,0.00643,0.00859,-0.00597,0.0056,-0.001,-5.0e-5,-0.00114,4.0e-5,0.00196,0.00259
2013-02-22,-0.00219,-0.01062,-0.00746,-0.00194,-0.01188,0.00273,5.0e-5,0.00169,4.0e-5,-0.00391,-0.0003
2013-03-01,0.00218,-0.0044,0.00015,-0.00111,0.00049,0.00538,0.0,0.00462,4.0e-5,0.00196,0.00258
2013-03-08,0.02223,0.03041,0.02625,0.0165,0.01298,-0.00887,5.0e-5,-0.00777,4.0e-5,0.01895,0.01319
2013-03-15,0.00663,0.0099,0.01192,0.01826,-0.02075,0.00329,5.0e-5,0.00235,4.0e-5,0.0077,0.00871
2013-03-22,-0.00239,-0.00182,-0.00576,-0.01263,-0.02352,0.00353,0.0,0.0034,4.0e-5,-0.00286,-0.00359
2013-03-29,0.0083,0.01273,0.00565,-0.00302,0.01835,0.00127,5.0e-5,0.00191,4.0e-5,0.00479,0.00458
2013-04-05,-0.00982,-0.02556,-0.02608,-0.01123,-0.02435,0.01326,0.0,0.00796,4.0e-5,-0.0108,-0.00029
2013-04-12,0.02342,0.02262,0.01789,0.03159,0.01216,0.00111,0.0,-0.00133,4.0e-5,0.02119,0.01415
2013-04-19,-0.02108,-0.0242,-0.02985,-0.02508,-0.00567,0.00069,5.0e-5,0.00079,4.0e-5,-0.0195,-0.01176
2013-04-26,0.01758,0.01803,0.02402,0.03567,0.01245,0.00404,0.0,0.00197,4.0e-5,0.01988,0.0149
2013-05-03,0.02061,0.02115,0.02362,0.01378,0.01957,-0.00433,0.0,-0.00337,4.0e-5,0.01918,0.0101
2013-05-10,0.01293,0.02162,0.02508,0.00778,0.00966,-0.00522,5.0e-5,-0.0048,4.0e-5,0.00926,0.00519
2013-05-17,0.02137,0.01853,0.0223,0.0028,-0.00244,-0.00208,0.0,-0.00176,4.0e-5,0.01376,0.01342
2013-05-24,-0.01039,-0.01912,-0.01312,-0.01532,-0.0167,-0.0024,0.0,-0.00162,4.0e-5,-0.01176,-0.00658
2013-05-31,-0.0111,-0.00262,-0.00181,-0.01514,-0.01416,-0.01051,0.0,-0.00613,4.0e-5,-0.01251,-0.0097
2013-06-07,0.00831,-0.00233,0.00408,-0.01201,-0.0252,-0.0069,0.0,-0.00093,4.0e-5,0.00216,0.00546
2013-06-14,-0.00969,-0.00717,-0.00515,0.00377,-0.02613,0.00134,0.0,0.00239,4.0e-5,-0.00524,-0.00571
2013-06-21,-0.02089,-0.02969,-0.01393,-0.03627,-0.05254,-0.02555,0.0,-0.015,4.0e-5,-0.02604,-0.02128
2013-06-28,0.00909,0.02126,0.01375,0.00861,0.03857,0.00348,0.0,0.0026,4.0e-5,0.00827,0.00827
2013-07-05,0.0163,0.02191,0.03213,0.00631,-0.02064,-0.00901,5.0e-5,-0.00864,4.0e-5,0.01073,0.00601
2013-07-12,0.03007,0.02979,0.02789,0.03868,0.02828,0.01164,0.0,0.00505,4.0e-5,0.02873,0.02277
2013-07-19,0.00734,0.01076,0.01102,0.01323,0.00971,0.01043,0.0,0.00508,4.0e-5,0.01002,0.00825
2013-07-26,-0.00021,-0.00477,-0.00254,0.00318,0.01233,-0.00285,0.0,-0.00163,4.0e-5,0.0,0.0
2013-08-02,0.01102,0.02105,0.01215,0.01236,-0.00632,-0.00191,0.0,-0.00119,4.0e-5,0.00902,0.00616
2013-08-09,-0.00982,-0.01252,-0.00593,0.00356,-0.00221,0.00062,0.0,0.00099,4.0e-5,-0.00655,-0.00448
2013-08-16,-0.02038,-0.02537,-0.01956,9.0e-5,0.00569,-0.01583,0.0,-0.0093,4.0e-5,-0.01469,-0.01644
2013-08-23,0.00495,0.00992,0.01438,-0.00545,-0.02658,0.00151,5.0e-5,-0.00016,4.0e-5,0.00396,0.00289
2013-08-30,-0.01793,-0.02706,-0.02632,-0.03026,-0.00558,0.00697,0.0,0.00396,4.0e-5,-0.01637,-0.01229
2013-09-06,0.01404,0.01279,0.01512,0.02826,0.02931,-0.01143,0.0,-0.0079,3.0e-5,0.01109,0.00566
2013-09-13,0.02034,0.02612,0.02448,0.02283,0.03226,0.00217,0.0,0.00248,3.0e-5,0.01707,0.01518
2013-09-20,0.01318,0.01314,0.01679,0.02629,0.02677,0.0121,0.0,0.00777,3.0e-5,0.01438,0.01062
2013-09-27,-0.01024,-0.00053,0.00266,0.00243,-0.00986,0.00529,0.0,0.00449,3.0e-5,-0.00443,-0.00475
2013-10-04,-0.00039,0.00917,0.00284,-0.00986,0.01024,-0.00052,-5.0e-5,-0.00095,3.0e-5,0.00297,-0.00239
2013-10-11,0.00808,0.00483,0.01195,0.00615,0.01372,0.00211,-0.00016,-0.00042,3.0e-5,0.0071,0.00672
2013-10-18,0.02444,0.02342,0.02815,0.02751,0.019,0.00844,0.00021,0.00401,3.0e-5,0.02145,0.01481
2013-10-25,0.00879,0.00357,0.00601,0.00382,-0.01211,0.00445,0.0,0.00319,3.0e-5,0.0069,0.00657
2013-11-01,0.00129,-0.00315,-0.01515,-0.01388,-0.00024,-0.0047,0.0,-0.00346,3.0e-5,-0.002,-0.00152
2013-11-08,0.00601,-0.00332,0.01,-0.00593,-0.03052,-0.0075,0.0,-0.00384,3.0e-5,0.00315,0.00493
2013-11-15,0.01614,0.02052,0.01317,0.01632,0.01004,0.00533,0.0,0.00279,3.0e-5,0.01341,0.01088
2013-11-22,0.00415,-0.00209,0.01127,-0.00088,0.00239,0.00142,5.0e-5,-0.00071,3.0e-5,0.00197,0.00432
2013-11-29,0.00098,-0.00299,0.01397,0.0068,0.01011,0.0027,0.0,0.00117,3.0e-5,0.00225,-0.00158
2013-12-06,8.0e-5,0.00452,-0.0109,-0.02019,-0.01306,-0.00627,0.0,-0.00509,3.0e-5,-0.00421,-0.00229
2013-12-13,-0.01605,-0.015,-0.01934,-0.01422,-0.01132,0.00411,5.0e-5,0.00045,3.0e-5,-0.01211,-0.01076
2013-12-20,0.02442,0.02297,0.0326,0.02388,-0.00166,0.00471,0.0,-0.00078,3.0e-5,0.02109,0.01738
2013-12-27,0.01315,0.0135,0.01203,0.02231,0.01199,-0.00523,0.0,-0.00407,3.0e-5,0.01228,0.0085
2014-01-03,-0.00514,-0.00162,-0.00739,-0.00243,-0.01432,0.0032,0.0,0.00085,3.0e-5,-0.00358,-0.00347
2014-01-10,0.00633,0.01173,-0.00032,0.00567,-0.00818,0.00798,0.0,0.00537,3.0e-5,0.0083,0.00741
2014-01-17,-0.00181,-0.00078,0.00017,0.00489,0.00204,0.00186,5.0e-5,0.00094,3.0e-5,-0.00055,0.00052
2014-01-24,-0.02617,-0.02498,-0.01871,-0.01996,-0.02297,0.00216,-5.0e-5,0.00399,3.0e-5,-0.02224,-0.01496
2014-01-31,-0.0041,-0.00054,-0.01198,-0.02066,-0.0133,0.00392,0.0,0.00275,3.0e-5,-0.00281,-0.00263
2014-02-07,0.00896,-0.0033,-0.01204,0.00774,0.00202,0.00113,-5.0e-5,0.00043,3.0e-5,0.00591,0.00317
2014-02-14,0.02393,0.02981,0.02702,0.02404,0.02091,0.00066,0.0001,-0.00152,3.0e-5,0.02016,0.01545
2014-02-21,-0.00077,0.0074,0.01022,0.01421,0.00353,0.0016,0.0,0.00033,3.0e-5,0.00302,0.00078
2014-02-28,0.01302,0.01434,0.01905,0.00754,0.00691,0.00698,0.0,0.00349,3.0e-5,0.01259,0.01028
2014-03-07,0.01051,0.01017,0.02105,-0.00125,0.00379,-0.00844,0.0,-0.00565,3.0e-5,0.00757,0.00316
2014-03-14,-0.01915,-0.01734,-0.0165,-0.02779,-0.02912,0.00707,0.0,0.00598,3.0e-5,-0.01797,-0.01167
2014-03-21,0.01384,0.01165,0.01317,-7.0e-5,0.00679,-0.00205,0.0,-0.00492,3.0e-5,0.00956,0.0081
2014-03-28,-0.00443,-0.0153,-0.02777,0.02048,0.03566,0.00469,5.0e-5,0.0018,3.0e-5,-0.00189,0.00419
2014-04-04,0.00435,0.00667,0.00647,0.01556,0.01873,0.00161,0.0,0.00012,3.0e-5,0.00596,0.0063
2014-04-11,-0.02598,-0.03525,-0.03105,-0.01829,0.01175,0.00812,0.0,0.00607,3.0e-5,-0.0229,-0.01346
2014-04-18,0.02715,0.02503,0.02338,0.01213,-0.00175,-0.00393,0.0,-0.00428,3.0e-5,0.0193,0.01313
2014-04-25,-0.00061,-0.00304,-0.01207,0.0026,-0.01649,0.0048,0.0,0.00259,3.0e-5,-0.00081,0.00203
2014-05-02,0.00971,0.01097,0.00461,0.0129,0.00981,0.00553,0.0,0.00298,3.0e-5,0.00785,0.00828
2014-05-09,-0.00046,-0.00541,-0.01498,-0.00417,0.00246,-0.00161,0.0,0.00019,3.0e-5,-0.00403,-0.00025
2014-05-16,0.00034,-0.00056,-0.00522,0.001,0.02449,0.00663,5.0e-5,0.00468,3.0e-5,0.00108,0.00184
2014-05-23,0.01248,0.01289,0.01733,0.00653,0.01405,-0.00149,0.0,-0.00041,3.0e-5,0.01185,0.00586
2014-05-30,0.01242,0.00659,0.00491,0.00951,-0.01178,0.0054,-5.0e-5,0.00296,3.0e-5,0.01092,0.0074
2014-06-06,0.01399,0.02394,0.02815,0.00997,0.01833,-0.00675,5.0e-5,-0.00566,3.0e-5,0.0137,0.00702
2014-06-13,-0.00635,-0.00524,-0.00539,-0.00073,0.00499,0.00114,0.0,-0.00034,3.0e-5,-0.00572,-0.00246
2014-06-20,0.01398,0.01648,0.01858,0.0095,-0.00354,-0.00035,0.0,-0.00079,3.0e-5,0.01097,0.00986
2014-06-27,-0.00063,0.00124,0.00198,-0.0061,0.00605,0.00562,0.0,0.00448,3.0e-5,-0.00103,-0.00024
2014-07-04,0.01277,0.01246,0.01763,0.01437,0.0184,-0.00668,0.0,-0.00523,3.0e-5,0.01164,0.00529
2014-07-11,-0.00852,-0.02237,-0.03656,-0.02295,-0.00577,0.00804,0.0,0.00597,3.0e-5,-0.01279,-0.00454
2014-07-18,0.00564,0.00099,-0.00456,0.0036,0.00717,0.00177,5.0e-5,0.00074,3.0e-5,0.00285,0.00651
2014-07-25,0.00013,-0.0049,-0.0066,0.00515,0.01604,0.00231,-5.0e-5,0.00096,3.0e-5,0.00103,0.00105
2014-08-01,-0.02661,-0.0271,-0.02444,-0.02139,-0.01744,-0.00322,5.0e-5,-0.00036,3.0e-5,-0.02297,-0.02019
2014-08-08,0.00402,0.00914,0.01393,-0.02329,-0.01216,0.00343,0.0,0.00337,3.0e-5,0.0,-0.00074
2014-08-15,0.01282,0.01221,0.00806,0.01768,0.02698,0.00638,0.0,0.0041,3.0e-5,0.01215,0.0094
2014-08-22,0.01755,0.02199,0.01626,0.00782,0.00863,-0.00227,0.0,-0.00315,3.0e-5,0.01487,0.00956
2014-08-29,0.00798,0.00914,0.00661,0.00693,0.0051,0.00528,0.0,0.00344,3.0e-5,0.00771,0.00769
2014-09-05,0.00245,0.0015,0.00031,-4.0e-5,0.00965,-0.00865,0.0,-0.00489,3.0e-5,0.00332,0.00032
2014-09-12,-0.01046,-0.01206,-0.01063,-0.01358,-0.0285,-0.00922,0.0,-0.00575,3.0e-5,-0.01094,-0.00867
2014-09-19,0.01272,-0.00186,-0.00921,-0.00067,-0.00605,0.00281,0.0,0.00118,3.0e-5,0.00489,0.00875
2014-09-26,-0.0134,-0.02295,-0.0218,-0.02167,-0.02863,0.00087,0.0,0.00305,3.0e-5,-0.01228,-0.0102
2014-10-03,-0.00721,-0.01544,-0.01127,-0.03349,-0.0203,0.00613,0.0,0.00391,3.0e-5,-0.0101,-0.00552
2014-10-10,-0.03088,-0.04359,-0.03978,-0.02603,-0.00649,0.0071,0.0,0.00745,3.0e-5,-0.02905,-0.01713
2014-10-17,-0.01003,0.01358,0.02268,-0.00681,-0.01218,0.00388,0.0,0.00524,3.0e-5,-0.0035,-0.0049
2014-10-24,0.04141,0.04184,0.03398,0.02498,0.00814,-0.00384,0.0,-0.00311,3.0e-5,0.03408,0.02318
2014-10-31,0.02741,0.03031,0.05239,0.02018,0.03113,-0.00328,5.0e-5,-0.00279,3.0e-5,0.02276,0.01671
2014-11-07,0.00774,0.00838,-0.00039,-0.01068,-0.02225,-1.0e-5,-5.0e-5,0.00125,3.0e-5,0.00281,0.00521
2014-11-14,0.00444,0.00102,0.00087,0.00877,0.00535,-0.00136,0.0,0.00017,3.0e-5,0.00459,0.00191
2014-11-21,0.01211,0.00968,-0.00284,0.0105,0.01344,-0.00031,5.0e-5,0.00075,3.0e-5,0.00939,0.0082
2014-11-28,0.00237,-0.00068,-0.00038,0.00131,-0.0041,0.00844,0.0,0.00587,3.0e-5,0.00277,0.00268
2014-12-05,0.00416,0.00147,0.00894,-0.00498,-0.01787,-0.00766,0.0,-0.00582,3.0e-5,0.00276,0.00244
2014-12-12,-0.03467,-0.02871,-0.02668,-0.03512,-0.04891,0.00873,0.0,0.00966,3.0e-5,-0.03127,-0.02097
2014-12-19,0.03436,0.03404,0.03236,0.01216,0.0062,-0.00296,0.0,-0.00375,3.0e-5,0.02685,0.02062
2014-12-26,0.00898,0.01257,0.02114,0.00537,0.00647,-0.002,0.0,-0.00294,3.0e-5,0.00754,0.00369
2015-01-02,-0.01421,-0.0108,-0.01342,-0.0126,0.00792,0.00812,0.0,0.00674,3.0e-5,-0.01073,-0.0076
2015-01-09,-0.00611,-0.00675,-0.01361,-0.01778,0.00664,0.00886,0.0,0.00831,3.0e-5,-0.00252,-0.00182
2015-01-16,-0.01225,-0.00703,-0.00342,0.0037,-0.00398,0.00513,0.0,0.00764,3.0e-5,-0.00556,-0.00127
2015-01-23,0.01621,0.01752,0.00828,0.02297,0.03425,0.004,0.0,0.00017,3.0e-5,0.01653,0.00871
2015-01-30,-0.02752,-0.01396,-0.01943,-0.00374,-0.0286,0.00846,0.0,0.00714,3.0e-5,-0.01451,-0.01954
2015-02-06,0.03116,0.02946,0.03968,0.01765,0.01441,-0.01302,0.0,-0.01382,3.0e-5,0.02183,0.01657
2015-02-13,0.02098,0.01791,0.01277,0.01476,0.01103,-0.00357,0.0,-0.00364,3.0e-5,0.01689,0.01276
2015-02-20,0.00684,0.0096,0.00465,0.01339,-0.00222,-0.00283,0.0,-0.00469,3.0e-5,0.00611,0.00101
2015-02-27,-0.00237,-0.00636,0.00229,0.01071,0.00415,0.00936,0.0,0.00672,3.0e-5,0.0017,0.00202
2015-03-06,-0.01536,-0.01289,-0.01778,-0.0167,-0.01985,-0.01391,0.0,-0.01103,3.0e-5,-0.01261,-0.0138
2015-03-13,-0.00804,0.0036,0.01503,-0.01782,-0.0298,0.00641,0.0,0.00722,3.0e-5,-0.00442,-0.00385
2015-03-20,0.0267,0.03263,0.02841,0.03731,0.02866,0.01012,5.0e-5,0.00945,3.0e-5,0.02417,0.02146
2015-03-27,-0.02202,-0.01988,-0.01681,-0.00589,-0.01136,-0.00029,-5.0e-5,-1.0e-5,3.0e-5,-0.01637,-0.01522
2015-04-03,0.00323,0.01048,0.00945,0.00473,0.03871,0.0075,0.0,0.00567,3.0e-5,0.00563,0.00306
2015-04-10,0.01739,0.00738,0.00215,0.01709,0.04171,-0.00432,0.0,-0.00601,3.0e-5,0.01461,0.01298
2015-04-17,-0.00981,-0.01227,-0.01116,0.00187,0.00281,0.00551,0.0,0.00537,3.0e-5,-0.00768,-0.00301
2015-04-24,0.01772,0.01202,0.01482,0.01827,0.01542,-0.00379,5.0e-5,-0.00343,3.0e-5,0.0133,0.00883
2015-05-01,-0.00423,-0.01298,-0.02421,-0.00826,-0.01043,-0.0157,0.0,-0.00962,4.0e-5,-0.00716,-0.00453
2015-05-08,0.00444,0.00375,0.00453,0.00541,-0.00689,-0.00266,0.0,-0.00118,4.0e-5,0.00288,0.00278
2015-05-15,0.00384,0.00863,0.00702,0.01467,0.01047,0.00086,0.0,0.00039,4.0e-5,0.00551,0.00154
2015-05-22,0.00209,0.00702,0.0045,-0.006,-0.00382,-0.00826,0.0,-0.00463,4.0e-5,0.00048,-0.00177
2015-05-29,-0.0084,-0.01055,-0.00698,-0.01896,-0.02638,0.00855,0.0,0.0073,4.0e-5,-0.00715,-0.00354
2015-06-05,-0.00651,0.00166,0.0131,-0.01534,-0.01764,-0.01758,0.0,-0.01376,4.0e-5,-0.00648,-0.00903
2015-06-12,0.00122,0.00333,0.00594,0.01119,-0.00114,-0.00013,0.0,0.00098,4.0e-5,0.00169,0.00257
2015-06-19,0.00777,0.00664,0.01442,-0.00371,-0.0036,0.00444,0.0,0.0058,4.0e-5,0.00362,0.00412
2015-06-26,-0.0037,-0.00497,-0.00212,0.00798,0.00513,-0.01175,0.0,-0.00885,4.0e-5,-0.00168,-0.00534
2015-07-03,-0.01136,-0.01731,-0.02288,-0.02364,-0.01467,0.00487,0.0,0.00454,4.0e-5,-0.01155,-0.00762
2015-07-10,0.00027,-0.00118,0.00241,-0.00534,-0.02937,-0.00248,-5.0e-5,-0.00068,4.0e-5,-0.00122,0.00047
2015-07-17,0.02423,0.0029,0.00593,0.01838,0.0145,0.00514,5.0e-5,0.00397,4.0e-5,0.01779,0.01645
2015-07-24,-0.02187,-0.02047,-0.0298,-0.01625,-0.03262,0.00302,-5.0e-5,0.00417,4.0e-5,-0.01868,-0.01341
2015-07-31,0.01186,0.01806,0.0158,0.00952,-0.0142,0.00292,5.0e-5,0.00345,4.0e-5,0.00927,0.01023
2015-08-07,-0.01177,-0.00948,-0.0158,-0.00622,-0.01329,0.00067,0.0,0.00188,4.0e-5,-0.00991,-0.00711
2015-08-14,0.00732,0.00955,0.0086,-0.01104,-0.02459,-0.00334,0.0,-0.00064,4.0e-5,0.00122,0.0028
2015-08-21,-0.05711,-0.052,-0.04228,-0.04726,-0.06171,0.00621,5.0e-5,0.00711,4.0e-5,-0.0478,-0.03456
2015-08-28,0.00947,0.00259,-0.00264,0.00044,0.00363,-0.00938,0.0,-0.00676,4.0e-5,0.00512,-0.0008
2015-09-04,-0.03356,-0.02765,-0.0208,-0.04185,-0.03618,0.00578,0.0,0.00242,4.0e-5,-0.02548,-0.02158
2015-09-11,0.02134,0.02083,0.01516,0.01931,0.01809,-0.0012,0.0,-0.00171,4.0e-5,0.01831,0.01267
2015-09-18,-0.00125,-0.00082,0.00177,0.0093,0.02819,0.00497,0.0,0.00262,4.0e-5,-0.00385,-0.00073
2015-09-25,-0.01354,-0.01752,-0.01246,-0.03132,-0.04378,-0.00401,0.0,-0.00099,4.0e-5,-0.01495,-0.01016
2015-10-02,0.01096,-0.00091,-0.01181,0.00842,0.01926,0.00483,0.0,0.00929,4.0e-5,0.0034,0.01216
2015-10-09,0.03304,0.04087,0.05063,0.05162,0.06393,-0.0,0.0,-0.00551,4.0e-5,0.0313,0.02297
2015-10-16,0.00925,-0.00539,-0.0025,0.00378,0.00679,0.0042,0.0,0.0041,4.0e-5,0.00658,0.00706
2015-10-23,0.02088,0.00399,0.00717,0.00718,0.0042,0.00149,0.0,-0.00275,4.0e-5,0.01382,0.01584
2015-10-30,0.00225,0.0037,-0.00178,-0.00459,-0.01789,-0.00443,0.0,-0.00342,4.0e-5,0.00173,-0.0038
2015-11-06,0.01024,0.01327,0.0279,-0.0138,0.00657,-0.00935,0.0,-0.00988,4.0e-5,0.00693,0.00335
2015-11-13,-0.03564,-0.03871,-0.04549,-0.01866,-0.03451,0.0023,5.0e-5,0.00264,4.0e-5,-0.02973,-0.02072
2015-11-20,0.03337,0.02946,0.02995,0.02457,0.0301,0.0024,0.0,0.0011,4.0e-5,0.02482,0.02139
2015-11-27,0.00084,0.01562,0.02,-0.00353,-0.02346,0.00188,-5.0e-5,0.00181,5.0e-5,0.00321,-0.00078
2015-12-04,0.00117,-0.01319,-0.01267,-0.00676,-0.00845,-0.00116,0.0,-0.00165,5.0e-5,-0.00246,0.0
2015-12-11,-0.03744,-0.04091,-0.04831,-0.02649,-0.05015,0.004,0.0,0.00767,6.0e-5,-0.03531,-0.02453
2015-12-18,-0.00307,-0.00967,-0.00485,-0.00089,0.02516,-0.00683,5.0e-5,-0.00322,8.0e-5,-0.00128,-0.00183
2015-12-25,0.02795,0.02975,0.03127,0.01875,0.01701,-0.0027,5.0e-5,-0.00254,8.0e-5,0.02127,0.01778
2016-01-01,-0.00797,-0.01183,-0.01639,-0.0022,-0.00506,-0.00046,5.0e-5,-0.00158,8.0e-5,-0.00728,-0.00705
2016-01-08,-0.05906,-0.06424,-0.07181,-0.05945,-0.06849,0.0062,-5.0e-5,0.00799,8.0e-5,-0.05081,-0.03724
2016-01-15,-0.02152,-0.02926,-0.02357,-0.03084,-0.04585,-0.00129,0.0,0.00689,8.0e-5,-0.0229,-0.01213
2016-01-22,0.01432,0.01431,0.01055,0.00417,0.0017,-0.00495,0.0,-0.00025,8.0e-5,0.0109,0.00655
2016-01-29,0.01767,0.02357,0.0245,0.01755,0.04153,0.00362,5.0e-5,0.00652,8.0e-5,0.01025,0.01566
2016-02-05,-0.03039,-0.02889,-0.03907,-0.01184,-0.00673,0.00116,0.0001,0.00479,8.0e-5,-0.02856,-0.01599
2016-02-12,-0.00719,-0.01313,-0.01044,-0.04762,-0.03501,-0.0033,5.0e-5,0.00496,8.0e-5,-0.01566,-0.00371
2016-02-19,0.02907,0.03497,0.03651,0.0446,0.04404,0.0045,5.0e-5,-0.00047,8.0e-5,0.02791,0.01688
2016-02-26,0.01626,0.02705,0.02812,0.00376,0.00038,0.00317,0.0,-0.00141,8.0e-5,0.0114,0.00562
2016-03-04,0.02709,0.04441,0.0424,0.04629,0.06974,0.00172,0.00016,-0.00611,8.0e-5,0.02604,0.02007
2016-03-11,0.01188,0.00623,0.0077,0.01168,0.01115,0.00515,0.0,-0.00383,8.0e-5,0.01047,0.01039
2016-03-18,0.01371,0.01637,0.01496,0.01331,0.02878,0.01349,5.0e-5,0.00676,8.0e-5,0.01113,0.01162
2016-03-25,-0.00649,-0.01112,-0.01829,-0.02059,-0.01585,0.00206,5.0e-5,-0.00058,8.0e-5,-0.00819,-0.00567
2016-04-01,0.01843,0.02731,0.03325,0.00021,0.01941,0.00716,0.0001,0.0057,8.0e-5,0.01368,0.01163
2016-04-08,-0.01153,-0.01666,-0.0226,0.00696,-0.01035,0.00576,5.0e-5,0.00467,8.0e-5,-0.00662,-0.0037
2016-04-15,0.01647,0.02659,0.03018,0.03353,0.0352,0.00346,5.0e-5,-0.00117,8.0e-5,0.01923,0.01472
2016-04-22,0.00532,0.00851,0.01381,0.0132,-0.00165,-0.0011,5.0e-5,-0.00772,8.0e-5,0.00528,0.00664
2016-04-29,-0.01241,-0.01014,-0.0105,-0.00137,-0.00386,0.00596,5.0e-5,0.00396,8.0e-5,-0.01201,-0.00629
2016-05-06,-0.00333,-0.00588,-0.00935,-0.02995,-0.04136,-0.00014,5.0e-5,0.00299,8.0e-5,-0.00811,-0.00557
2016-05-13,-0.00439,-0.00788,-0.01499,-0.0032,-0.00921,0.00383,-5.0e-5,0.00302,8.0e-5,-0.00409,-0.00084
2016-05-20,0.00352,0.00688,0.00552,0.00225,-0.01009,-0.00893,5.0e-5,-0.00718,9.0e-5,0.0041,0.0
2016-05-27,0.02322,0.02958,0.03268,0.02177,0.02947,0.00377,5.0e-5,0.0007,9.0e-5,0.01966,0.01521
2016-06-03,0.00039,0.0061,0.00974,0.00493,0.01131,0.00863,0.0001,0.00811,9.0e-5,0.00275,0.00265
2016-06-10,-0.00115,-0.00078,0.00453,-0.01237,0.00654,0.00589,5.0e-5,0.00429,9.0e-5,-0.004,-0.00106
2016-06-17,-0.01125,-0.01219,-0.01512,-0.02835,-0.01626,-0.00179,5.0e-5,0.00209,9.0e-5,-0.01354,-0.00778
2016-06-24,-0.01621,-0.01509,-0.01336,-0.01721,0.00106,0.00226,0.0,0.00217,9.0e-5,-0.015,-0.01172
2016-07-01,0.03272,0.0299,0.02672,0.03365,0.04178,0.0121,5.0e-5,0.00781,9.0e-5,0.02916,0.02773
2016-07-08,0.01335,0.01362,0.01742,-0.01648,-0.00648,0.0111,5.0e-5,0.00612,9.0e-5,0.00953,0.00832
2016-07-15,0.01507,0.01549,0.02549,0.03553,0.0429,-0.00827,0.0,-0.01193,9.0e-5,0.0159,0.00833
2016-07-22,0.00636,0.00581,0.00168,-0.00016,0.00386,0.003,0.0001,0.00131,9.0e-5,0.00587,0.0031
2016-07-29,-0.00048,0.00485,0.00299,0.02323,0.00333,0.00483,5.0e-5,0.00658,0.0001,0.00389,0.00154
2016-08-05,0.00487,0.00215,0.00386,-0.0122,0.01475,-0.00789,0.0001,-0.00679,0.0001,0.00073,0.00051
2016-08-12,0.00123,-0.00256,-0.003,0.02833,0.02657,0.00778,0.0,0.00347,0.0001,0.0046,0.00257
2016-08-19,0.00063,0.00361,0.00657,-0.00532,0.00175,-0.00088,5.0e-5,-0.00337,0.0001,0.0,0.0
2016-08-26,-0.00665,-0.00184,0.00423,0.00085,-0.00834,-0.00132,5.0e-5,-0.00275,0.0001,-0.0053,-0.0041
2016-09-02,0.00559,0.01267,0.01364,0.00342,0.0003,0.00201,5.0e-5,0.00228,0.0001,0.00775,0.00639
2016-09-09,-0.02362,-0.03164,-0.02856,-0.00027,0.0098,-0.00712,5.0e-5,-0.00456,0.0001,-0.0185,-0.01577
2016-09-16,0.00595,-0.0042,0.00116,-0.02368,-0.02237,-0.00303,0.0001,-0.00109,0.0001,-0.00147,-0.00067
2016-09-23,0.01199,0.01966,0.02563,0.0309,0.03197,0.00948,0.00016,0.00519,0.0001,0.0179,0.0115
2016-09-30,0.00204,0.00155,-0.00278,-0.00548,-0.01559,0.00058,0.0,0.00085,0.0001,0.00048,0.00051
2016-10-07,-0.00602,-0.01163,-0.01017,-0.00855,0.01403,-0.00471,-5.0e-5,-0.00768,0.0001,-0.00578,-0.00257
2016-10-14,-0.00951,-0.009,-0.01643,-0.01303,-0.01645,-0.00117,5.0e-5,-0.00285,0.0001,-0.01041,-0.00676
2016-10-21,0.00408,0.00473,-0.00363,0.00584,0.017,0.00505,0.0001,0.00349,0.0001,0.00538,0.00266
2016-10-28,-0.00675,-0.01744,-0.02065,-0.0054,-0.0076,-0.00803,5.0e-5,-0.00529,0.0001,-0.00852,-0.00524
2016-11-04,-0.01887,-0.01375,-0.01573,-0.01488,-0.02691,0.00131,0.0,0.00412,0.0001,-0.01522,-0.01017
2016-11-11,0.03871,0.05739,0.10605,-0.00219,-0.03312,-0.01624,-5.0e-5,-0.01845,0.0001,0.02667,0.02369
2016-11-18,0.00895,0.02783,0.0274,-0.01117,-0.0044,-0.01211,0.0001,-0.01013,0.00011,0.00655,0.00183
2016-11-25,0.01453,0.02196,0.02791,0.01168,0.01159,-0.00113,5.0e-5,-0.00163,0.00012,0.0123,0.00768
2016-12-02,-0.00905,-0.00918,-0.01879,-0.00035,-0.00375,0.00129,0.0001,-0.00045,0.00012,-0.005,0.00102
2016-12-09,0.03127,0.04222,0.05977,0.02752,0.02629,-0.0029,0.0,-0.0037,0.00013,0.02826,0.02145
2016-12-16,-0.00028,-0.01433,-0.01762,-0.00688,-0.02437,-0.00341,0.0001,-0.00557,0.00014,-0.00466,0.00021
2016-12-23,0.00296,0.00361,0.00404,0.00201,-0.01507,0.00636,0.0001,0.00379,0.00015,0.00257,0.0027
2016-12-30,-0.01075,-0.00725,-0.00795,0.0062,0.02785,0.00733,0.0001,0.0055,0.00015,-0.00443,-0.0046
2017-01-06,0.01762,0.01304,0.00282,0.0193,0.02075,0.00324,5.0e-5,0.0018,0.00015,0.01594,0.01073
2017-01-13,-0.0009,0.0034,-0.00024,0.00851,0.01382,0.0025,5.0e-5,0.0023,0.00015,0.00185,0.00077
2017-01-20,-0.00125,-0.00681,-0.01455,-0.00499,-0.00239,-0.00422,0.00016,-0.0032,0.00015,-0.00438,-0.00408
2017-01-27,0.0104,0.01276,0.01312,0.01376,0.02411,0.00094,0.0001,-8.0e-5,0.00015,0.00948,0.00769
2017-02-03,0.00162,0.00606,0.00375,0.00183,0.0066,-0.00154,0.0001,-0.00066,0.00015,0.00252,-0.00154
2017-02-10,0.00875,0.00853,0.01014,0.00114,0.02194,0.00541,5.0e-5,0.00436,0.00015,0.00731,0.00505
2017-02-17,0.01596,0.00843,0.00673,0.00837,0.00401,0.00085,0.0001,-0.0008,0.00015,0.00998,0.01207
2017-02-24,0.00733,0.00149,-0.00204,-0.00182,0.00335,0.00845,0.0001,0.00589,0.00015,0.00427,0.00593
2017-03-03,0.00713,0.00192,-0.00409,0.00049,-0.01023,-0.00797,-0.0001,-0.00962,0.00016,0.00313,0.00425
2017-03-10,-0.00401,-0.01595,-0.02214,0.00325,-0.00699,-0.00877,5.0e-5,-0.00457,0.00017,-0.00624,-0.00594
2017-03-17,0.00283,0.01233,0.02361,0.02127,0.03829,0.0055,0.00016,0.00489,0.00019,0.00987,0.0035
2017-03-24,-0.01425,-0.0212,-0.0281,-0.00013,0.00308,0.00721,5.0e-5,0.00631,0.00019,-0.01089,-0.00862
2017-03-31,0.00824,0.01548,0.02304,0.00102,-0.00905,0.00073,0.00016,0.00024,0.00019,0.00674,0.00414
2017-04-07,-0.00243,-0.00758,-0.01958,-0.00572,0.00794,0.00237,0.0001,0.00129,0.00019,-0.00357,-0.00172
2017-04-14,-0.01107,-0.01467,-0.01423,-0.00049,-0.00148,0.00914,0.00016,0.00805,0.00019,-0.00627,-0.00578
2017-04-21,0.00867,0.02191,0.02921,0.00245,0.0007,9.0e-5,0.00016,0.00028,0.00019,0.00856,0.00402
2017-04-28,0.01526,0.00908,0.01439,0.02628,0.01554,-0.00093,0.00021,-0.00266,0.00019,0.01542,0.01103
2017-05-05,0.0066,0.00352,-0.00264,0.01595,-0.0038,-0.00234,5.0e-5,-0.00294,0.00019,0.00704,0.00539
2017-05-12,-0.00263,-0.01064,-0.01191,0.004,0.02091,0.00378,0.00021,0.0012,0.00019,-0.0024,-0.0017
2017-05-19,-0.00317,-0.00389,-0.01216,0.00903,-0.00684,0.00603,0.0001,0.00512,0.0002,-0.0011,0.00075
2017-05-26,0.01467,0.00926,0.01156,0.0045,0.01702,0.00018,0.00016,-5.0e-5,0.0002,0.00943,0.00815
2017-06-02,0.01008,0.01411,0.01757,0.01564,-0.00021,0.00691,0.0001,0.00546,0.00021,0.01021,0.00802
2017-06-09,-0.00272,0.00411,0.01451,-0.00915,0.00321,-0.00193,0.00016,-0.00222,0.00022,-0.00366,-0.00147
2017-06-16,0.00116,-0.00177,-0.0128,-0.00093,-0.01187,0.00493,0.00016,0.00313,0.00023,-0.00173,0.00221
2017-06-23,0.00224,-0.00537,0.00066,-0.00013,0.00809,0.00307,0.00031,0.00203,0.00023,0.00173,-0.00114
2017-06-30,-0.00582,0.00209,0.00377,-0.00135,0.00145,-0.00606,0.0001,-0.00677,0.00024,-0.00108,-0.00147
2017-07-07,0.00139,0.00051,-0.0011,-0.00561,-0.00252,-0.00385,0.00016,-0.00458,0.00024,0.00108,0.0
2017-07-14,0.01421,0.01056,0.00948,0.02477,0.04158,0.0059,0.00021,0.00395,0.00024,0.0136,0.00877
2017-07-21,0.00561,0.00504,0.00654,0.00759,0.00997,0.00822,0.00016,0.0055,0.00024,0.00575,0.00126
2017-07-28,-1.0e-5,-0.00631,-0.00361,0.00084,0.00877,-0.0027,0.00016,-0.00307,0.00024,0.0,0.00046
2017-08-04,0.00232,-0.00599,-0.01184,0.00615,0.00732,0.00124,0.00021,0.00202,0.00024,0.00169,0.00457
2017-08-11,-0.01365,-0.0227,-0.02729,-0.01555,-0.01881,-0.00091,0.00021,0.00471,0.00024,-0.01205,-0.0089
2017-08-18,-0.00582,-0.01056,-0.01498,0.00173,0.01411,0.00208,0.00021,0.00011,0.00024,-0.00107,-0.00413
2017-08-25,0.0075,0.01013,0.01147,0.00733,0.02415,0.00222,0.00021,0.00139,0.00024,0.00985,0.00561
2017-09-01,0.01427,0.01727,0.02387,0.0068,0.01074,0.00062,0.00015,0.0003,0.00024,0.01103,0.00631
2017-09-08,-0.00583,-0.01048,-0.00939,0.00751,0.00262,0.00453,0.00026,0.00585,0.00024,-0.00231,-0.00073
2017-09-15,0.01631,0.02081,0.02655,0.00645,0.00914,-0.00447,0.00021,-0.00701,0.00024,0.01135,0.01064
2017-09-22,0.0009,0.00848,0.01644,0.0066,-0.00345,-0.00019,0.00021,-0.00246,0.00024,0.00291,0.00516
2017-09-29,0.00716,0.01601,0.03385,0.00027,-0.01855,0.00067,0.00021,-0.00278,0.00024,0.00622,0.00455
2017-10-06,0.0125,0.01269,0.01247,-7.0e-5,0.02176,-0.00028,0.00015,-0.00231,0.00024,0.00783,0.00544
2017-10-13,0.00165,0.0004,-0.00722,0.01795,0.01434,0.00597,0.00026,0.00498,0.00024,0.00552,0.00213
2017-10-20,0.00884,0.00867,0.00607,-0.00368,-0.00649,-0.00422,0.00015,-0.00524,0.00024,0.00447,0.00617
2017-10-27,0.00233,0.0027,0.00296,-0.00325,-0.00896,-0.00063,0.00021,-0.00165,0.00024,0.00061,0.00045
2017-11-03,0.00294,-0.00141,-0.01674,0.01187,0.00834,0.00478,0.0001,0.00495,0.00024,0.00384,0.00396
2017-11-10,-0.00143,-0.00524,-0.00771,-0.00334,0.00283,-0.00724,0.00015,-0.00301,0.00024,-0.00443,-0.00604
2017-11-17,-0.00057,0.00885,0.01731,-0.00473,0.00383,0.00337,0.00021,0.00248,0.00025,0.0,-0.0007
2017-11-24,0.00932,0.01025,0.02031,0.01871,0.01566,0.00406,0.00021,0.00105,0.00026,0.00992,0.00679
2017-12-01,0.01599,0.01956,0.01134,-0.00968,-0.02727,0.00095,0.00021,-0.00053,0.00027,0.01202,0.01469
2017-12-08,0.00388,-0.00166,-0.00956,-0.00108,-0.00495,-3.0e-5,0.00021,-0.0009,0.00028,0.00317,0.00188
2017-12-15,0.00947,-0.00174,0.00545,0.00225,0.00842,0.00549,0.00015,0.0027,0.00029,0.00434,0.00688
2017-12-22,0.00301,0.00963,0.00777,0.01209,0.02478,-0.00761,0.00031,-0.0071,0.0003,0.00432,0.00162
2017-12-29,-0.00326,-0.00159,-0.00282,0.01169,0.01487,0.00719,0.00026,0.00517,0.0003,0.00059,0.00118
2018-01-05,0.02627,0.01882,0.01395,0.02405,0.03707,-0.00421,0.00021,-0.00394,0.0003,0.02054,0.01307
2018-01-12,0.01612,0.01554,0.02126,0.00945,0.00841,-1.0e-5,0.00015,-0.00276,0.0003,0.01265,0.01174
2018-01-19,0.00877,0.0068,0.00719,0.01139,0.0198,-0.00549,0.00031,-0.00396,0.0003,0.00738,0.00278
2018-01-26,0.02234,0.00823,0.00367,0.01516,0.033,0.00181,0.00026,-0.00087,0.0003,0.01634,0.01507
2018-02-02,-0.03815,-0.03855,-0.03664,-0.02869,-0.03085,-0.00969,0.00021,-0.00898,0.0003,-0.0366,-0.02963
2018-02-09,-0.05104,-0.05033,-0.0429,-0.06208,-0.06612,-0.00543,0.00021,0.0013,0.0003,-0.0472,-0.03598
2018-02-16,0.04374,0.04473,0.04373,0.04199,0.04548,-0.00219,0.00021,-0.0027,0.00031,0.03625,0.02513
2018-02-23,0.00576,0.0018,0.00489,-0.0019,0.01487,-0.00099,0.00031,0.00016,0.00031,0.00466,0.00142
2018-03-02,-0.01979,-0.01289,-0.01429,-0.02761,-0.02608,-0.00224,0.00031,0.00134,0.00033,-0.01915,-0.01595
2018-03-09,0.03586,0.03781,0.04063,0.01964,0.01354,-0.00154,0.00021,-0.00123,0.00034,0.02603,0.01979
2018-03-16,-0.01197,-0.00635,-0.00037,0.00265,0.00247,0.00165,0.00021,0.00319,0.00035,-0.00807,-0.00696
2018-03-23,-0.05933,-0.04963,-0.0476,-0.02583,-0.02962,-0.00252,0.00036,0.00164,0.00036,-0.04301,-0.03543
2018-03-30,0.02055,0.02197,0.01728,0.01172,-0.00161,0.00754,0.00041,0.00503,0.00036,0.01883,0.01859
2018-04-06,-0.0135,-0.01306,-0.00424,0.00306,-0.00409,0.00025,0.00026,-0.0015,0.00036,-0.00775,-0.00682
2018-04-13,0.02042,0.0163,0.02001,0.01446,0.00619,-0.0006,0.00036,-0.00256,0.00036,0.01803,0.01157
2018-04-20,0.00541,0.00892,0.00949,0.00566,-0.00383,-0.00886,0.00031,-0.00608,0.00036,0.00531,0.0
2018-04-27,-0.0,-0.00403,-0.00563,-0.00253,-0.01226,-0.00107,0.00031,0.00068,0.00037,0.00059,0.00409
2018-05-04,-0.0021,0.00289,0.00301,-0.00413,-0.01479,-0.00204,0.00036,0.0012,0.00037,-0.00411,-0.00745
2018-05-11,0.02488,0.02232,0.02938,0.01641,0.02272,0.00186,0.00031,-0.00105,0.00037,0.01826,0.01583
2018-05-18,-0.00467,0.00276,0.01624,-0.00428,-0.0209,-0.00603,0.00031,-0.00402,0.00038,-0.00347,-0.0041
2018-05-25,0.00331,0.00206,0.00224,-0.01254,-0.00203,0.00808,0.00036,0.00762,0.00038,0.00116,0.0
2018-06-01,0.00542,0.00632,0.01122,-0.00885,-0.00107,0.00043,0.00031,0.00265,0.00039,0.00232,0.00243
2018-06-08,0.01658,0.02195,0.02296,0.00989,0.00454,-0.00248,0.00036,-0.00162,0.00039,0.01215,0.00765
2018-06-15,0.00072,-0.0036,0.00131,-0.00731,-0.01413,0.00151,0.00036,0.0007,0.0004,-0.00343,-0.00296
2018-06-22,-0.00873,-0.00129,0.00311,-0.01022,-0.022,-0.00445,0.00036,0.00148,0.0004,-0.00975,-0.00508
2018-06-29,-0.01306,-0.01854,-0.02356,-0.00986,-0.01446,0.00371,0.00046,0.00359,0.0004,-0.01274,-0.00753
2018-07-06,0.01561,0.01946,0.03217,0.00258,-0.00406,0.00491,0.00031,0.00178,0.0004,0.00997,0.01003
2018-07-13,0.01545,0.00372,-0.00374,0.00261,0.0174,0.00434,0.00031,0.00052,0.0004,0.0093,0.01061
2018-07-20,0.00039,0.00113,0.00981,0.00449,-0.00397,-0.0037,0.00041,-0.00347,0.0004,0.0023,0.00074
2018-07-27,0.00612,-0.01147,-0.01379,0.01309,0.0231,0.00173,0.00036,-0.00346,0.0004,0.00517,0.00884
2018-08-03,0.00799,0.01291,0.01203,-0.01291,-0.01456,0.00224,0.00036,0.00117,0.0004,0.00114,0.00499
2018-08-10,-0.0018,-0.00164,0.00777,-0.0137,-0.01104,0.00269,0.00036,0.00538,0.0004,-0.00399,-0.00357
2018-08-17,0.00662,0.00761,0.01069,-0.01073,-0.03755,0.00067,0.00036,-0.00041,0.0004,0.00057,0.00474
2018-08-24,0.00879,0.01256,0.01778,0.01566,0.02289,0.00269,0.00036,0.0029,0.0004,0.01031,0.00659
2018-08-31,0.00981,0.00512,0.00657,0.00428,0.00221,-0.00231,0.00036,-0.00095,0.00041,0.0034,0.00186
2018-09-07,-0.00981,-0.00831,-0.01547,-0.0277,-0.03004,-0.00494,0.00036,-0.00482,0.00041,-0.01299,-0.00701
2018-09-14,0.01209,0.01006,0.00529,0.01653,0.00282,0.00115,0.00041,-0.00247,0.00042,0.01087,0.00682
2018-09-21,0.00862,-0.00244,-0.01089,0.02692,0.0201,-0.00176,0.00041,-0.00332,0.00043,0.00906,0.01103
2018-09-28,-0.00506,-0.01019,-0.01093,-0.00807,-0.00547,0.00199,0.00046,0.00126,0.00043,-0.00281,-0.00836
2018-10-05,-0.00946,-0.0254,-0.03863,-0.02377,-0.04286,-0.01063,0.0003,-0.00898,0.00044,-0.01519,-0.00323
2018-10-12,-0.04065,-0.049,-0.05398,-0.03976,-0.01644,0.00361,0.00041,0.00517,0.00044,-0.03714,-0.02748
2018-10-19,0.00045,0.00064,-0.00338,-0.00169,-0.00894,-0.00507,0.00041,-0.00312,0.00044,-0.00475,-0.00049
2018-10-26,-0.03934,-0.04095,-0.03096,-0.04145,-0.02639,0.00324,0.00041,0.00666,0.00044,-0.031,-0.02031
2018-11-02,0.02447,0.03784,0.04444,0.03451,0.05806,-0.00811,0.00041,-0.00718,0.00045,0.02338,0.01304
2018-11-09,0.02212,0.01125,-0.00051,0.0018,-0.01889,0.00472,0.00041,0.00217,0.00045,0.01142,0.01729
2018-11-16,-0.01541,-0.00857,-0.01118,-0.01368,0.0131,-0.00177,0.00046,0.00662,0.00044,-0.01367,-0.00355
2018-11-23,-0.03767,-0.02151,-0.02472,-0.01155,-0.01471,-0.00023,0.00041,0.00135,0.00045,-0.02953,-0.01853
2018-11-30,0.04911,0.03002,0.02762,0.01139,0.02723,-0.00201,0.00046,0.00149,0.00045,0.03043,0.02476
2018-12-07,-0.04553,-0.05175,-0.05966,-0.02248,-0.01455,0.00769,0.00041,0.00977,0.00046,-0.03435,-0.02581
2018-12-14,-0.01221,-0.02634,-0.02923,-0.01172,-0.00775,0.0034,0.00046,-0.00034,0.00047,-0.01123,-0.00739
2018-12-21,-0.07029,-0.06994,-0.0777,-0.02908,-0.0162,0.0013,0.0004,0.00659,0.00048,-0.05449,-0.0376
2018-12-28,0.02896,0.02229,0.03848,0.00634,0.00755,-0.00024,0.00046,0.00287,0.00048,0.02069,0.01626
2019-01-04,0.01899,0.02324,0.02662,0.0136,0.00812,0.00415,0.00045,0.00488,0.00048,0.0194,0.01303
2019-01-11,0.02576,0.0472,0.04623,0.03222,0.0325,0.0033,0.00045,-0.00263,0.00048,0.02609,0.00987
2019-01-18,0.02897,0.03065,0.02478,0.0126,0.01421,0.00134,0.00045,-0.00402,0.00048,0.02293,0.01772
2019-01-25,-0.00212,0.0009,-0.00132,0.00657,0.01023,0.00672,0.0005,0.00244,0.00048,0.00183,-0.00025
2019-02-01,0.01616,0.01297,0.01165,0.01045,0.01643,0.00887,0.0004,0.0037,0.00048,0.01424,0.00992
2019-02-08,0.0011,0.0061,0.00144,-0.01368,-0.01082,0.00462,0.00045,0.00414,0.00048,-0.00201,0.00153
2019-02-15,0.02561,0.03383,0.04376,0.01922,-0.00579,-0.00032,0.00045,-0.00163,0.00048,0.0219,0.01906
2019-02-22,0.00654,0.01054,0.01247,0.01689,0.02714,0.00037,0.00045,0.00057,0.00048,0.00727,0.00505
2019-03-01,0.00461,-0.00381,-0.00817,0.00446,-0.00359,-0.00272,0.00045,-0.00547,0.00048,0.00059,0.00024
2019-03-08,-0.02122,-0.03348,-0.04528,-0.02044,-0.01413,0.00663,0.00045,0.00795,0.00048,-0.02068,-0.01005
2019-03-15,0.02947,0.01979,0.01465,0.02623,0.02815,0.00361,0.00045,0.00129,0.00048,0.02251,0.01951
2019-03-22,-0.0075,-0.02148,-0.03054,-0.00188,-0.00158,0.01139,0.00045,0.00862,0.00048,-0.00916,-0.00456
2019-03-29,0.01232,0.02285,0.02391,-0.00182,0.00398,0.00487,0.00065,0.00366,0.00048,0.00983,0.00833
2019-04-05,0.02087,0.0279,0.02873,0.02026,0.02281,-0.00212,0.00035,-0.00458,0.00048,0.01869,0.01069
2019-04-12,0.00559,0.00874,0.00416,0.00331,0.00321,0.00204,0.00045,-0.00316,0.00048,0.00497,0.00321
2019-04-19,-0.00067,-0.006,-0.0074,0.0028,0.0048,0.001,0.00035,0.00094,0.00048,-0.00247,0.00175
2019-04-26,0.01211,0.01062,0.0107,-0.00339,-0.00969,0.00447,0.00055,0.00382,0.00048,0.00439,0.00419
2019-05-03,0.00218,0.00385,0.01704,0.00249,0.00515,-0.00158,0.00045,-0.00081,0.00047,0.00266,0.00295
2019-05-10,-0.02101,-0.02362,-0.02496,-0.02632,-0.0427,0.00138,0.00045,0.0048,0.00047,-0.01893,-0.01073
2019-05-17,-0.00685,-0.0221,-0.03047,9.0e-5,-0.03164,0.00377,0.0005,0.00382,0.00047,-0.00753,-0.00053
2019-05-24,-0.01139,-0.0139,-0.018,-0.00535,-0.00648,0.00144,0.0005,0.00384,0.00047,-0.00856,-0.00123
2019-05-31,-0.02583,-0.02761,-0.03103,-0.01724,0.016,0.0093,0.00045,0.0119,0.00047,-0.02255,-0.01484
2019-06-07,0.04464,0.04536,0.03537,0.03107,0.00867,0.0054,0.00055,0.00331,0.00046,0.03311,0.02735
2019-06-14,0.00526,0.00487,0.00445,-0.00169,0.00735,0.00124,0.00055,-3.0e-5,0.00046,0.00388,0.00335
2019-06-21,0.02218,0.01497,0.01488,0.02187,0.03459,0.01039,0.0005,0.00173,0.00046,0.01993,0.01468
2019-06-28,-0.00275,0.0096,0.01802,0.00661,0.00489,0.00723,0.0005,0.00419,0.00046,-0.00076,-0.00193
2019-07-05,0.01694,0.01065,0.0056,0.00512,0.01131,-0.00085,0.00015,-0.00308,0.00046,0.01253,0.00966
2019-07-12,0.00823,-0.0026,-0.00589,-0.00534,-0.0063,-0.00368,0.0005,-0.00271,0.00045,0.00262,0.00191
2019-07-19,-0.01214,-0.01152,-0.01261,-0.00112,0.00552,0.00488,0.0005,0.00358,0.00043,-0.00692,-0.00427
2019-07-26,0.01665,0.02374,0.02356,-0.00264,-0.00706,0.00198,0.0004,-0.00178,0.00043,0.00941,0.01196
2019-08-02,-0.03069,-0.03426,-0.02511,-0.02637,-0.04068,0.01119,0.0004,0.0131,0.00043,-0.02779,-0.01444
2019-08-09,-0.00401,-0.00651,-0.00758,-0.01121,-0.01699,0.00556,0.0005,0.00879,0.00042,-0.00691,0.0
2019-08-16,-0.00942,-0.01429,-0.01169,-0.01465,-0.01137,0.0119,0.0005,0.01301,0.00042,-0.00831,-0.00288
2019-08-23,-0.01419,-0.01935,-0.02485,0.00831,0.00132,0.00433,0.0003,-0.00057,0.00041,-0.00916,-0.00652
2019-08-30,0.02835,0.02474,0.02518,0.01037,0.01348,0.00141,0.0004,0.00215,0.0004,0.01966,0.02016
2019-09-06,0.01828,0.01642,0.01253,0.02136,0.02136,-0.00244,0.00035,-0.00213,0.00039,0.01331,0.01002
2019-09-13,0.01023,0.02767,0.04988,0.01932,0.01905,-0.02225,0.0004,-0.02131,0.00039,0.00818,0.00355
2019-09-20,-0.00494,-0.00933,-0.01387,-0.00032,-0.00725,0.01353,0.00045,0.00958,0.00039,-0.00057,0.00469
2019-09-27,-0.00984,-0.01073,-0.01572,-0.00793,-0.0162,0.00451,0.0004,0.00541,0.00039,-0.00888,-0.00484
2019-10-04,-0.00296,-0.00959,-0.01656,-0.01951,-0.00481,0.00884,0.00055,0.01068,0.00038,-0.00553,-0.00403
2019-10-11,0.00665,0.00702,0.00587,0.02097,0.01313,-0.01265,0.0003,-0.01382,0.00037,0.00556,0.00072
2019-10-18,0.00554,0.01063,0.01585,0.01191,0.01338,0.00328,0.00035,0.0,0.00036,0.00457,0.00593
2019-10-25,0.01229,0.01175,0.01879,0.01288,0.00906,-9.0e-5,0.0003,-0.00322,0.00035,0.00929,0.00898
2019-11-01,0.01493,0.01275,0.01294,0.01152,0.01205,0.00553,0.0005,0.00515,0.00034,0.01184,0.00956
2019-11-08,0.00928,0.00793,0.00852,0.00652,0.01283,-0.0105,0.00025,-0.01188,0.00034,0.00316,0.00303
2019-11-15,0.00937,0.00171,-0.00547,0.00266,-0.01641,0.0069,0.0003,0.00646,0.00033,0.00481,0.00625
2019-11-22,-0.00291,-0.00718,-0.01053,-0.0073,0.00355,0.00416,0.00025,0.00387,0.00033,-0.00369,-0.00118
2019-11-29,0.01036,0.01269,0.02248,0.00464,-0.00414,0.00381,0.00035,0.00094,0.00033,0.00795,0.0044
2019-12-06,0.00207,0.00617,0.00886,0.0041,0.01026,-0.00171,0.00035,-0.00371,0.00033,0.00312,0.00272
2019-12-13,0.00772,0.00203,0.00118,0.01771,0.02838,0.00562,0.00025,0.00204,0.00033,0.00787,0.00682
2019-12-20,0.01678,0.02033,0.02044,0.00699,0.01783,-0.00246,0.0003,-0.00494,0.00034,0.01016,0.00841
2019-12-27,0.00601,-0.00118,-0.00368,0.00792,0.01111,0.00419,0.00035,0.00309,0.00035,0.00431,0.00483
2020-01-03,-0.00117,-0.00284,0.0028,-0.00036,0.00734,0.00426,0.0003,0.00507,0.00033,-0.00125,0.00068
2020-01-10,0.00983,-0.00199,-0.00964,0.00038,0.00727,-0.00113,0.0003,-0.0021,0.00032,0.00609,0.00188
2020-01-17,0.01986,0.02175,0.02825,0.00944,0.01084,0.00185,0.00025,-0.00034,0.00032,0.01602,0.01375
2020-01-24,-0.0101,-0.01437,-0.02232,-0.00582,-0.02491,0.01062,0.0003,0.01025,0.00032,-0.01051,-0.00406
2020-01-31,-0.02096,-0.02769,-0.03538,-0.02656,-0.04597,0.00525,0.0003,0.00928,0.00032,-0.01735,-0.0114
2020-02-07,0.0321,0.02116,0.02288,0.01902,0.02033,0.00099,0.0003,-0.00278,0.00032,0.02253,0.01863
2020-02-14,0.01648,0.02364,0.01649,0.00256,0.01175,0.00065,0.0003,-0.0001,0.00032,0.01181,0.00517
2020-02-21,-0.01223,-0.00567,-0.00839,-0.01409,-0.01193,0.00632,0.0003,0.00767,0.00031,-0.00941,-0.00357
2020-02-28,-0.11444,-0.12921,-0.12326,-0.09525,-0.07087,0.00537,0.00044,0.02165,0.00029,-0.08739,-0.07206
2020-03-06,0.0065,-0.00857,-0.0195,0.00399,0.00016,0.01959,0.00128,0.02813,0.00017,0.0052,0.01163
2020-03-13,-0.08725,-0.13881,-0.16231,-0.18188,-0.11533,-0.0721,0.00054,-0.01935,0.00015,-0.09162,-0.07747
2020-03-20,-0.14952,-0.18611,-0.16681,-0.07251,-0.09838,-0.08874,0.0003,0.00292,0.00018,-0.11986,-0.11882
2020-03-27,0.10279,0.1306,0.10833,0.11521,0.03962,0.06127,0.0,0.01695,0.00019,0.08152,0.08833
2020-04-03,-0.02022,-0.05886,-0.07005,-0.03437,-0.01213,0.0127,-5.0e-5,0.00793,0.00019,-0.01951,-0.00961
2020-04-10,0.12145,0.18587,0.19467,0.08766,0.06831,0.03005,-0.00015,-0.00633,0.00016,0.0927,0.07592
2020-04-17,0.03063,-0.01544,-0.02757,0.00948,0.01244,0.02265,0.00015,0.0039,0.00013,0.0209,0.02231
2020-04-24,-0.013,-0.00698,-0.01024,-0.01756,-0.01931,0.0022,0.0,0.00442,8.0e-5,-0.01216,-0.0078
2020-05-01,-0.00192,0.02625,0.03493,0.0311,0.03832,-0.00364,5.0e-5,-0.00369,6.0e-5,0.00349,-0.00228
2020-05-08,0.03565,0.05423,0.04204,0.01213,-0.0003,-0.01039,0.0,-0.00297,4.0e-5,0.02944,0.01445
2020-05-15,-0.02201,-0.05779,-0.07551,-0.03,-0.00954,0.00691,5.0e-5,0.00409,3.0e-5,-0.02066,-0.01447
2020-05-22,0.03269,0.07437,0.08879,0.0299,0.00332,0.01524,0.0,-0.00215,3.0e-5,0.0292,0.02228
2020-05-29,0.03038,0.04087,0.03618,0.04886,0.03138,0.00729,0.0,-0.00074,4.0e-5,0.02857,0.02134
2020-06-05,0.04958,0.08375,0.11999,0.07094,0.0746,0.00509,0.0,-0.0152,3.0e-5,0.04502,0.03107
2020-06-12,-0.0473,-0.07868,-0.09624,-0.04143,-0.0149,0.00447,5.0e-5,0.013,4.0e-5,-0.03575,-0.02966
2020-06-19,0.01883,0.01441,0.00795,0.0194,0.01805,0.00951,5.0e-5,-0.00041,4.0e-5,0.01483,0.01006
2020-06-26,-0.02856,-0.03659,-0.03652,-0.01328,-0.00139,-0.00066,0.0,0.00507,3.0e-5,-0.01649,-0.01954
2020-07-03,0.04067,0.03527,0.04534,0.01527,0.04027,0.00683,5.0e-5,-0.0024,3.0e-5,0.02895,0.02512
2020-07-10,0.0179,-0.0032,-0.00773,0.00428,0.03758,0.00739,5.0e-5,0.00443,3.0e-5,0.01555,0.01131
2020-07-17,0.0127,0.03612,0.03668,0.02164,-0.0149,0.00727,0.0,0.0005,3.0e-5,0.00966,0.01566
2020-07-24,-0.00269,0.00734,0.00533,0.00579,0.0057,0.00952,5.0e-5,0.00406,3.0e-5,0.00072,0.00189
2020-07-31,0.01755,0.00784,0.01632,-0.01524,0.01256,0.00216,0.0,0.00349,3.0e-5,0.01335,0.00937
2020-08-07,0.02487,0.04041,0.05386,0.02292,0.00623,0.00389,5.0e-5,-0.00151,3.0e-5,0.0178,0.0155
2020-08-14,0.00693,0.00622,0.00709,0.02281,0.00294,-0.01582,0.0,-0.01025,3.0e-5,0.0042,0.0
2020-08-21,0.00765,-0.01997,-0.02491,-0.00951,0.0061,0.00301,5.0e-5,0.00446,3.0e-5,0.00418,0.00342
2020-08-28,0.03294,0.01923,0.01946,0.01803,0.02735,-0.00897,0.0,-0.00649,3.0e-5,0.02029,0.01588
2020-09-04,-0.02268,-0.02466,-0.02189,-0.01984,-0.01895,0.00376,0.0,0.00116,3.0e-5,-0.01768,-0.01297
2020-09-11,-0.0249,-0.02235,-0.03336,0.01262,-0.01037,0.00304,0.0,0.00399,3.0e-5,-0.01575,-0.01086
2020-09-18,-0.00604,0.00635,0.01041,0.00991,0.0147,0.00098,5.0e-5,-0.0017,3.0e-5,0.0007,-0.00067
2020-09-25,-0.00612,-0.02595,-0.04068,-0.04052,-0.04315,-0.00686,0.0,0.00257,3.0e-5,-0.01125,-0.01129
2020-10-02,0.01543,0.04763,0.0505,0.01581,0.0219,0.00061,5.0e-5,-0.0032,3.0e-5,0.01315,0.01371
2020-10-09,0.03894,0.04935,0.05689,0.0318,0.03698,0.00117,0.0,-0.005,3.0e-5,0.03245,0.0232
2020-10-16,0.00206,0.00067,-0.00239,-0.01469,0.00199,0.00456,0.0,0.0025,3.0e-5,-0.00068,0.00406
2020-10-23,-0.00514,0.00924,0.01097,0.00208,0.00846,-0.00541,5.0e-5,-0.00591,3.0e-5,-0.00459,-0.00314
2020-10-30,-0.05619,-0.05698,-0.06108,-0.05409,-0.02706,-0.00227,0.0,0.00042,3.0e-5,-0.04526,-0.03791
2020-11-06,0.0736,0.06693,0.05575,0.07972,0.06279,0.01325,5.0e-5,0.00233,2.0e-5,0.06673,0.05105
2020-11-13,0.02214,0.04316,0.07517,0.03425,0.00847,-0.00117,0.0,-0.00305,3.0e-5,0.01358,0.01756
2020-11-20,-0.00729,0.01642,0.02635,0.02037,0.01871,0.0122,5.0e-5,0.00519,3.0e-5,0.00165,-0.00374
2020-11-27,0.02298,0.02743,0.03886,0.02434,0.01449,0.00125,0.0,-0.00132,3.0e-5,0.02048,0.01356
2020-12-04,0.01724,0.01805,0.02464,0.01482,0.01099,-0.00311,0.0,-0.00768,3.0e-5,0.0136,0.00799
2020-12-11,-0.00947,-0.00196,0.00122,-0.00329,0.0039,0.00262,5.0e-5,0.0061,3.0e-5,-0.00639,-0.00597
2020-12-18,0.01286,0.02166,0.02032,0.01716,0.01338,-0.00025,0.0,-0.00347,3.0e-5,0.01495,0.00452
2020-12-25,-0.00148,0.01232,0.01225,-0.00347,-0.01245,0.00253,0.0,0.00169,3.0e-5,0.00063,0.00019
2021-01-01,0.01451,-0.00336,-0.00181,0.01407,0.02605,0.00468,0.0,0.00144,3.0e-5,0.00965,0.01014
2021-01-08,0.01881,0.04774,0.06394,0.03493,0.03808,-0.01518,0.0,-0.01179,2.0e-5,0.02116,0.00899
2021-01-15,-0.01461,0.00335,0.01829,-0.01429,0.00656,0.00381,5.0e-5,0.00099,2.0e-5,-0.00522,-0.00868
2021-01-22,0.01957,0.01593,0.01645,0.00743,0.02519,-0.00077,0.0,0.0006,2.0e-5,0.01558,0.01103
2021-01-29,-0.03289,-0.04958,-0.03482,-0.03551,-0.03996,-0.00065,5.0e-5,0.00066,2.0e-5,-0.03236,-0.02252
2021-02-05,0.04669,0.05869,0.05413,0.03182,0.04925,-0.00481,5.0e-5,-0.0063,2.0e-5,0.04302,0.02715
2021-02-12,0.01283,0.0278,0.03631,0.02112,0.02835,-0.00086,0.0,-0.0015,2.0e-5,0.01626,0.00867
2021-02-19,-0.00677,-0.00342,-0.00689,0.00233,0.00187,-0.00705,0.0,-0.00747,2.0e-5,-0.00593,-0.00421
2021-02-26,-0.02409,-0.01511,-0.00768,-0.02968,-0.06205,-0.0046,0.0,-0.00299,2.0e-5,-0.02876,-0.01615
2021-03-05,0.00838,0.00688,0.01858,-0.00303,0.00086,-0.01551,0.0,-0.00832,2.0e-5,0.0046,0.00764
2021-03-12,0.02688,0.05351,0.07375,0.02938,0.00692,-0.00644,5.0e-5,-0.00511,2.0e-5,0.02489,0.01297
2021-03-19,-0.00744,-0.01187,-0.03022,0.00612,-0.00831,-0.00205,0.0,-0.00296,2.0e-5,-0.00969,-0.00079
2021-03-26,0.01581,0.00481,-0.01742,-0.00661,-0.02357,0.00514,0.0,0.00397,2.0e-5,0.00572,0.01309
2021-04-02,0.01159,0.00852,0.00728,0.00703,0.02152,0.00517,0.0,-0.00247,2.0e-5,0.00958,0.00763
2021-04-09,0.02755,0.00872,-0.0041,0.01704,-0.00462,0.00422,0.0,0.00394,2.0e-5,0.01749,0.01958
2021-04-16,0.01389,0.01912,0.01019,0.01673,0.01056,0.00393,0.0,0.00367,2.0e-5,0.01223,0.00787
2021-04-23,-0.00112,0.00908,0.00167,-0.00537,0.00732,0.00233,0.0,0.00172,2.0e-5,-0.00144,0.00234
2021-04-30,0.00039,-0.00728,-0.00328,-0.00559,0.00055,-0.0029,0.0,-0.00242,2.0e-5,-0.00245,0.00229
2021-05-07,0.01264,0.01681,0.02163,0.0238,-0.00056,0.00507,0.0,0.00299,2.0e-5,0.01271,0.01264
2021-05-14,-0.01347,-0.01706,-0.01378,-0.0141,-0.02906,-0.00465,0.0,-0.00397,2.0e-5,-0.01398,-0.0075
2021-05-21,-0.00391,-0.01162,-0.00819,0.01102,0.01935,0.0018,0.0,0.00082,2.0e-5,0.00101,-0.00542
2021-05-28,0.01195,0.0143,0.02147,0.01315,0.02614,0.00547,0.0,0.00362,2.0e-5,0.01315,0.00861
2021-06-04,0.00644,0.00056,0.00874,0.00808,0.01692,0.00227,0.0,0.00132,2.0e-5,0.00913,0.00483
2021-06-11,0.0043,0.00889,0.00915,0.00357,0.00176,0.00871,0.0,0.00478,1.0e-5,0.00721,0.00308
2021-06-18,-0.0187,-0.05055,-0.04668,-0.02388,-0.01556,0.00576,0.0,0.00156,2.0e-5,-0.01993,-0.01356
2021-06-25,0.02758,0.04394,0.04387,0.01593,0.01598,-0.00696,0.0,-0.00571,2.0e-5,0.0232,0.01476
2021-07-02,0.01705,-0.00573,-0.01321,-0.01024,-0.01668,0.00807,0.0,0.00618,2.0e-5,0.00756,0.01286
2021-07-09,0.00421,-0.00108,-0.00725,-0.00333,-0.02133,0.00295,0.0,0.00442,2.0e-5,-0.00097,0.00226
2021-07-16,-0.00956,-0.03287,-0.04545,-0.00443,0.01425,0.00311,0.0,0.00285,2.0e-5,-0.01307,-0.00408
2021-07-23,0.01973,0.02136,0.01627,0.00195,-0.01912,0.00242,5.0e-5,0.00192,2.0e-5,0.01662,0.0152
2021-07-30,-0.00353,0.0118,0.01735,0.00576,-0.02351,0.00358,0.0,0.00266,2.0e-5,-0.00333,0.00101
2021-08-06,0.00959,0.00527,0.01143,0.01107,0.00722,-0.00684,0.0,-0.00399,2.0e-5,0.00945,0.00344
2021-08-13,0.00752,0.00563,-0.00438,0.01025,-1.0e-5,0.00185,0.0,0.00104,2.0e-5,0.00565,0.00661
2021-08-20,-0.0055,-0.02022,-0.02112,-0.03077,-0.04493,0.00188,5.0e-5,0.00298,2.0e-5,-0.01123,-0.002
2021-08-27,0.01542,0.03426,0.041,0.02199,0.04474,-4.0e-5,0.0,-0.00176,2.0e-5,0.01828,0.01083
2021-09-03,0.00621,-0.00203,-0.00358,0.02084,0.03281,-0.00078,0.0,-0.00107,2.0e-5,0.00734,0.00239
2021-09-10,-0.01675,-0.02657,-0.03109,-0.00569,-0.00082,0.00114,0.0,-0.00022,2.0e-5,-0.01458,-0.01049
2021-09-17,-0.00542,-0.0027,0.00374,-0.01188,-0.02254,0.00079,0.0,-0.00037,2.0e-5,-0.00507,-0.00183
2021-09-24,0.00518,0.00802,0.01025,-0.00324,-0.00954,-0.00353,0.0,-0.00527,2.0e-5,0.00234,0.00204
2021-10-01,-0.02185,-0.00542,0.00991,-0.03188,-0.00988,-0.00412,0.0,-0.00111,1.0e-5,-0.02088,-0.01645
2021-10-08,0.0083,0.00261,0.00114,0.00272,0.01272,-0.01159,0.0,-0.00796,2.0e-5,0.00337,0.00283
2021-10-15,0.01836,0.02175,0.00407,0.02533,0.01852,0.00715,0.0,0.0029,2.0e-5,0.0151,0.01302
2021-10-22,0.01656,0.01775,0.01273,0.00639,0.00465,-0.00483,0.0,-0.00373,2.0e-5,0.01061,0.00965
2021-10-29,0.01349,-0.00077,-0.00327,-0.00238,-0.02157,0.00797,5.0e-5,0.00528,2.0e-5,0.00232,0.00737
2021-11-05,0.02026,0.03996,0.06503,0.01472,0.00136,0.00893,0.0,0.00668,2.0e-5,0.01795,0.013
2021-11-12,-0.00273,-0.00052,-0.00656,-0.00288,0.02035,-0.00986,0.0,-0.0071,2.0e-5,-0.00187,-0.00311
2021-11-19,0.00363,-0.01067,-0.02185,-0.00863,-0.01511,-0.00026,0.0,0.00177,2.0e-5,-0.00268,-0.00138
2021-11-26,-0.02183,-0.03171,-0.0328,-0.03564,-0.03698,-0.00067,5.0e-5,0.00416,2.0e-5,-0.02349,-0.01289
2021-12-03,-0.01175,-0.02731,-0.02466,-0.00985,-0.00118,0.00863,0.0,0.00624,2.0e-5,-0.01031,-0.00119
2021-12-10,0.03845,0.02908,0.02686,0.02203,0.01431,-0.00948,0.0,-0.00969,2.0e-5,0.02583,0.02163
2021-12-17,-0.01911,-0.01819,-0.02299,-0.00572,-0.02173,0.00347,5.0e-5,0.00481,2.0e-5,-0.01679,-0.0064
2021-12-24,0.02297,0.02494,0.03155,0.01617,0.0076,-0.00395,0.0,-0.0052,2.0e-5,0.01873,0.01211
2021-12-31,0.00873,0.01691,0.0109,0.00834,0.01194,0.0032,0.0,0.00097,2.0e-5,0.00676,0.00616
2022-01-07,-0.01831,-0.01698,-0.01222,-0.0067,-0.00436,-0.01934,0.0,-0.01606,2.0e-5,-0.01463,-0.0179
2022-01-14,-0.00289,-0.00357,0.00293,0.00332,0.02519,-0.00444,0.0,-0.00166,2.0e-5,-0.00095,-0.00211
2022-01-21,-0.0567,-0.06755,-0.07626,-0.02466,-0.01011,-0.00133,0.0,0.00228,2.0e-5,-0.04296,-0.03069
2022-01-28,0.00791,-0.00606,-0.008,-0.03501,-0.0361,-0.00865,0.0,-0.00279,2.0e-5,-0.00171,0.00607
2022-02-04,0.01575,0.01769,0.00946,0.02262,0.02202,-0.012,5.0e-5,-0.00973,2.0e-5,0.01613,0.0
2022-02-11,-0.01788,0.00949,0.01396,0.01361,0.01406,-0.0039,-5.0e-5,-0.00311,4.0e-5,-0.0104,-0.01444
2022-02-18,-0.01521,-0.00534,-0.00227,-0.01884,-0.00478,-0.00875,5.0e-5,0.00053,3.0e-5,-0.01278,-0.01335
2022-02-25,0.00844,0.01139,0.01001,-0.02179,-0.04503,-0.00534,5.0e-5,-0.00335,4.0e-5,0.00173,0.00355
2022-03-04,-0.01236,-0.01704,-0.00857,-0.0518,-0.02435,0.00826,5.0e-5,0.01185,6.0e-5,-0.02283,-0.01326
2022-03-11,-0.02844,-0.01674,-0.01075,0.00235,-0.05183,-0.02689,0.0,-0.01612,8.0e-5,-0.02233,-0.02464
2022-03-18,0.06191,0.05325,0.04261,0.0517,0.03676,0.00589,5.0e-5,-0.00855,9.0e-5,0.04914,0.03949
2022-03-25,0.01812,0.00248,-0.00555,0.00286,0.00234,-0.01727,5.0e-5,-0.01834,9.0e-5,0.00773,0.00307
2022-04-01,0.00079,-0.00041,0.00087,0.00602,0.01963,0.01372,5.0e-5,0.0055,8.0e-5,0.00441,0.00378
2022-04-08,-0.01235,-0.03414,-0.04371,-0.01588,-0.01091,-0.0236,0.0,-0.01651,0.0001,-0.01656,-0.01169
2022-04-15,-0.0211,0.00463,0.00916,-0.00902,-0.01425,-0.01268,5.0e-5,-0.00569,0.00011,-0.01281,-0.01602
2022-04-22,-0.02738,-0.01722,-0.01846,-0.01742,-0.03469,-0.01433,5.0e-5,-0.00596,0.00014,-0.02376,-0.02538
2022-04-29,-0.03258,-0.03182,-0.03615,-0.02173,-0.00274,-0.00405,0.00015,-0.00032,0.00015,-0.02508,-0.01488
2022-05-06,-0.0018,-0.00757,-0.00467,-0.02661,-0.03698,-0.01322,0.0001,-0.0119,0.00016,-0.01011,-0.00753
2022-05-13,-0.02355,-0.01966,-0.0156,-0.0162,-0.02596,0.00604,0.0,0.00922,0.00017,-0.01686,-0.00905
2022-05-20,-0.03,-0.01842,-0.01432,0.01628,0.02614,0.00438,0.0002,0.0073,0.00019,-0.014,-0.01056
2022-05-27,0.06622,0.06531,0.06587,0.03185,0.01122,0.0166,0.0001,0.00301,0.0002,0.05219,0.04679
2022-06-03,-0.01152,-0.00708,-0.00399,0.00033,0.01659,-0.00849,0.0001,-0.00972,0.00022,-0.00834,-0.00997
2022-06-10,-0.05036,-0.04645,-0.04309,-0.04552,-0.00524,-0.01788,-5.0e-5,-0.0127,0.00025,-0.04344,-0.03975
2022-06-17,-0.05746,-0.07533,-0.07886,-0.06093,-0.04225,-0.01186,5.0e-5,-0.00517,0.00031,-0.05037,-0.03999
2022-06-24,0.06461,0.05133,0.05241,0.0234,0.01801,0.00344,0.00025,0.00567,0.00031,0.04058,0.04288
2022-07-01,-0.02178,-0.01597,-0.01127,-0.02052,-0.01559,0.00796,0.00025,0.01297,0.00035,-0.01634,-0.00515
2022-07-08,0.01976,0.01085,0.0049,0.0109,0.00613,-0.00489,0.0001,-0.01076,0.00037,0.00971,0.00616
2022-07-15,-0.0091,-0.0069,-0.00564,-0.02108,-0.03559,0.01059,0.0,0.00839,0.00041,-0.01026,-0.00463
2022-07-22,0.02565,0.04045,0.04236,0.04592,0.02715,0.01584,0.00029,0.01013,0.00043,0.02436,0.01765
2022-07-29,0.04283,0.04874,0.04638,0.02319,0.00426,0.00501,0.00044,0.0029,0.00045,0.03375,0.02777
2022-08-05,0.00385,-0.00315,-0.00022,-0.0051,0.00869,-0.00892,0.00034,-0.00902,0.00046,-0.00062,0.00211
2022-08-12,0.0331,0.04462,0.03943,0.02352,0.02026,0.00605,0.00039,-0.00087,0.00046,0.02784,0.02199
2022-08-19,-0.01163,-0.01379,-0.01487,-0.02328,-0.01207,-0.01233,0.00039,-0.00695,0.00046,-0.01407,-0.00986
2022-08-26,-0.04021,-0.03008,-0.03351,-0.01779,0.00835,-0.00234,0.00039,-0.00209,0.00049,-0.02456,-0.02589
2022-09-02,-0.03231,-0.04226,-0.05161,-0.03197,-0.02753,-0.01647,0.00049,-0.00794,0.00051,-0.02754,-0.02354
2022-09-09,0.03676,0.04417,0.02759,0.01018,0.00457,-0.00422,0.00049,-0.00664,0.00053,0.0246,0.02215
2022-09-16,-0.04731,-0.04653,-0.04024,-0.02753,-0.03145,-0.00994,0.00044,-0.00776,0.00058,-0.0338,-0.03187
2022-09-23,-0.04635,-0.05916,-0.05569,-0.05623,-0.03731,-0.01608,0.00049,-0.01162,0.00059,-0.04201,-0.03485
2022-09-30,-0.02883,-0.01533,-0.01402,-0.0178,-0.02688,-0.01885,0.00049,-0.00713,0.0006,-0.01655,-0.02275
2022-10-07,0.01556,0.02906,0.02727,0.02033,0.01856,0.00152,0.00044,-0.00434,0.00064,0.01631,0.01281
2022-10-14,-0.01534,-0.00932,-0.00218,-0.01639,-0.0367,-0.01625,0.00044,-0.00772,0.00066,-0.01741,-0.01836
2022-10-21,0.04752,0.02992,0.03357,0.00739,0.0063,-0.01216,0.00049,-0.01065,0.00069,0.03179,0.02502
2022-10-28,0.03966,0.05328,0.06175,0.04111,-0.02576,0.01972,0.00059,0.01204,0.00072,0.02947,0.03371
2022-11-04,-0.03308,-0.01167,-0.02107,0.0113,0.04747,-0.00588,0.00073,-0.00908,0.00074,-0.01587,-0.0204
2022-11-11,0.05931,0.0528,0.05226,0.08473,0.04045,0.02621,0.00068,0.01958,0.00075,0.04653,0.03933
2022-11-18,-0.00615,-0.00794,-0.01085,-0.00205,0.00914,0.01236,0.00068,0.00126,0.00076,-0.00492,0.00321
2022-11-25,0.01555,0.01964,0.01197,0.02118,-0.00162,0.01498,0.00073,0.00859,0.00078,0.0142,0.01728
2022-12-02,0.01193,0.00627,0.01098,0.00926,0.04046,0.01725,0.00083,0.01523,0.0008,0.01416,0.01435
2022-12-09,-0.03348,-0.04021,-0.04693,-0.00654,0.00131,-0.00262,0.00097,-0.00413,0.00082,-0.02358,-0.0198
2022-12-16,-0.02047,-0.02088,-0.02644,-0.02064,-0.01865,0.00545,0.00073,0.00677,0.00084,-0.01351,-0.00916
2022-12-23,-0.00169,0.00775,0.00564,0.00406,-0.00635,-0.01648,0.00078,-0.01407,0.00084,-0.00193,-0.00097
2022-12-30,-0.0011,-0.00128,-0.00203,-6.0e-5,0.0092,-0.00715,0.00073,-0.00559,0.00084,-0.00194,-0.0031
2023-01-06,0.01475,0.02482,0.02469,0.02538,0.03006,0.01995,0.00048,0.01672,0.00085,0.01472,0.01379
2023-01-13,0.02708,0.03672,0.04504,0.0428,0.03478,0.01404,0.00073,0.00592,0.00086,0.02518,0.01722
2023-01-20,-0.00647,-0.00857,-0.0124,0.00107,0.0065,0.00094,0.00087,0.00092,0.00087,0.0,-0.00756
2023-01-27,0.02478,0.02395,0.02071,0.01668,0.00678,0.00242,0.00082,-0.00035,0.00088,0.01601,0.00966
2023-02-03,0.01642,0.03395,0.05016,0.00348,-0.00983,0.00298,0.00092,-0.00053,0.00088,0.00903,0.0058
2023-02-10,-0.01066,-0.02495,-0.03435,-0.01544,-0.02166,-0.01821,0.00077,-0.01249,0.00088,-0.00834,-0.00853
2023-02-17,-0.00198,0.01063,0.01386,-0.00253,-0.00927,-0.00681,0.00087,-0.00395,0.00088,-0.00061,-0.0023
2023-02-24,-0.02659,-0.02436,-0.02702,-0.0235,-0.02551,-0.00991,0.00092,-0.00769,0.00089,-0.01882,-0.02177
2023-03-03,0.01957,0.01879,0.01816,0.01768,0.02007,0.00423,0.00091,0.00117,0.00091,0.01731,0.01168
2023-03-10,-0.04512,-0.0735,-0.07635,-0.01272,-0.03138,0.00769,0.00082,0.01625,0.00092,-0.03219,-0.02715
2023-03-17,0.01473,-0.03112,-0.03205,-0.02694,-0.00766,0.00762,0.00139,0.01603,0.00092,-0.00127,0.01294
2023-03-24,0.01413,0.01254,0.00577,0.01415,0.01844,0.00861,0.00096,0.00362,0.00093,0.01205,0.01097
2023-03-31,0.03504,0.04559,0.03747,0.03967,0.01873,0.00151,0.00043,-0.00546,0.00093,0.02664,0.01933
2023-04-07,-0.00062,-0.02565,-0.02684,0.00337,-0.001,0.00451,0.00091,0.00556,0.00094,-0.00061,0.00786
2023-04-14,0.00815,0.01759,0.0122,0.02384,0.01258,-0.00327,0.0011,-0.00639,0.00095,0.00779,0.00174
2023-04-21,-0.00085,0.0038,-0.003,-0.0023,-0.01902,-0.00224,0.00105,-0.00251,0.00097,-0.00182,-0.00071
2023-04-28,0.00888,-0.00309,-0.01005,0.00017,0.00098,0.00869,0.00076,0.00876,0.00097,0.00425,0.01153
2023-05-05,-0.00778,-0.01157,-0.00773,0.00318,0.00452,-0.00587,0.00029,0.00061,0.00098,-0.00423,-0.00594
2023-05-12,-0.00239,-0.01113,-0.01655,-0.00738,-0.00738,-0.00181,0.00114,-0.00162,0.00098,-0.00228,-0.00177
2023-05-19,0.01706,0.01016,0.02294,0.00464,-0.00015,-0.0147,0.00081,-0.01405,0.00099,0.01019,0.00302
2023-05-26,0.00347,-0.0051,0.0018,-0.02226,-0.00703,-0.00348,0.00105,-0.00737,0.00099,0.0,-0.00376
2023-06-02,0.01881,0.02616,0.03126,0.01274,0.01346,0.01058,0.00095,0.00732,0.001,0.01431,0.01328
2023-06-09,0.00407,0.01502,0.01685,0.00777,0.01529,-0.00308,0.00114,-0.00186,0.001,0.0046,-0.00048
2023-06-16,0.02624,0.01556,0.00353,0.02613,0.02955,0.00515,0.00104,-0.00018,0.00099,0.01936,0.01403
2023-06-23,-0.01373,-0.0252,-0.03181,-0.03383,-0.03153,0.0014,0.001,0.00185,0.00099,-0.0132,-0.00882
2023-06-30,0.02365,0.04332,0.04362,0.01692,0.00412,0.00153,0.0009,-0.00376,0.001,0.01631,0.01112
2023-07-07,-0.01115,-0.00706,-0.01337,-0.01798,-0.00451,-0.01426,0.00099,-0.012,0.00102,-0.012,-0.0154
2023-07-14,0.02439,0.02737,0.03094,0.04774,0.0411,0.01604,0.00099,0.01353,0.00103,0.02546,0.02331
2023-07-21,0.00698,0.012,0.01638,-0.00467,-0.00813,0.00195,0.00099,-0.0002,0.00104,0.00285,0.00634
2023-07-28,0.01033,0.00431,0.01152,0.00862,0.02821,-0.00235,0.00099,-0.00587,0.00104,0.00726,0.00408
2023-08-04,-0.02256,-0.0128,-0.00881,-0.0234,-0.01886,-0.00793,0.00104,-0.00404,0.00104,-0.01851,-0.01585
2023-08-11,-0.00273,-0.00752,-0.01224,-0.00553,-0.01737,-0.00671,0.00099,-0.00576,0.00104,-0.00331,-0.00172
2023-08-18,-0.02051,-0.0302,-0.03331,-0.03415,-0.0292,-0.00708,0.00103,-0.00412,0.00104,-0.01892,-0.01514
2023-08-25,0.00844,0.00029,-0.00365,-0.00081,0.0061,0.00614,0.00103,0.00167,0.00105,0.00648,0.0042
2023-09-01,0.02549,0.03553,0.03607,0.02786,0.01429,0.00439,0.00103,0.00391,0.00105,0.02311,0.01657
2023-09-08,-0.01263,-0.03541,-0.04327,-0.0155,-0.00763,-0.00255,0.00103,-0.00302,0.00105,-0.01072,-0.00729
2023-09-15,-0.00124,-0.00211,0.00127,0.01877,0.00899,-0.00348,0.00103,-0.00355,0.00105,0.00058,-0.00078
2023-09-22,-0.02914,-0.02786,-0.03353,-0.0232,-0.01755,-0.00335,0.00103,-0.00498,0.00104,-0.02181,-0.01972
2023-09-29,-0.00715,0.00325,0.00512,-0.01462,-0.00699,-0.01179,0.00117,-0.00639,0.00104,-0.00399,-0.00904
2023-10-06,0.0052,-0.01835,-0.02333,-0.02088,-0.01395,-0.01437,0.00089,-0.01042,0.00105,-0.00178,0.00098
2023-10-13,0.00466,-0.00505,-0.00969,0.00982,0.01178,0.01245,0.00135,0.0096,0.00105,0.00356,0.0089
2023-10-20,-0.0238,-0.02015,-0.01717,-0.02562,-0.02741,-0.02061,0.00103,-0.01329,0.00105,-0.02116,-0.01658
2023-10-27,-0.02522,-0.02766,-0.02248,-0.01016,-0.00206,0.0078,0.00107,0.00551,0.00105,-0.01497,-0.01381
2023-11-03,0.05881,0.06556,0.07486,0.04804,0.02646,0.02081,0.00107,0.0152,0.00105,0.04988,0.03937
2023-11-10,0.01351,-0.01529,-0.029,-0.00883,-0.00065,0.0001,0.00102,-0.00296,0.00105,0.00804,0.00625
2023-11-17,0.0231,0.04039,0.05152,0.04354,0.02824,0.01751,0.00107,0.01044,0.00105,0.02175,0.01956
2023-11-24,0.01024,0.00944,0.00254,0.00934,0.00602,0.00252,0.00102,-0.00122,0.00105,0.00738,0.00801
2023-12-01,0.00833,0.02595,0.02714,0.00657,0.00446,0.02261,0.00102,0.01711,0.00105,0.01226,0.00867
2023-12-08,0.00238,0.00288,0.01327,0.00275,-0.00621,0.00249,0.00102,0.00111,0.00105,0.00278,-0.00096
2023-12-15,0.0253,0.04382,0.05832,0.02641,0.0242,0.02681,0.00106,0.01974,0.00105,0.02248,0.01981
2023-12-22,0.00772,0.01542,0.0225,0.00997,-0.00963,-0.00164,0.00115,0.00087,0.00105,0.00923,0.00856
2023-12-29,0.00345,-0.0014,-0.00023,0.01355,0.02897,0.00654,0.00097,0.00412,0.00105,0.00444,0.00461
2024-01-05,-0.01502,-0.02456,-0.03599,-0.01491,-0.01444,-0.0154,0.00083,-0.01019,0.00105,-0.01446,-0.01401
2024-01-12,0.01874,0.00602,-0.00021,0.00663,-0.00278,0.01259,0.0012,0.0067,0.00105,0.01685,0.0152
2024-01-19,0.01188,0.00465,0.00047,-0.02164,-0.02327,-0.00997,0.00087,-0.01042,0.00105,0.00615,0.00049
2024-01-26,0.01066,0.00838,0.01558,0.01774,0.01399,0.0022,0.00101,0.00023,0.00105,0.00983,0.00722
2024-02-02,0.01406,0.00151,-0.01251,0.0032,-0.00609,0.0058,0.00101,0.00722,0.00105,0.01302,0.01176
2024-02-09,0.01399,0.0151,0.01189,0.00056,0.00962,-0.00954,0.00101,-0.00806,0.00105,0.01013,0.00143
2024-02-16,-0.00349,0.00748,0.01339,0.01383,0.0209,-0.00454,0.00119,-0.00581,0.00104,-0.00103,-0.00282
2024-02-23,0.01678,0.01082,-0.00702,0.01309,0.01217,0.00412,0.00087,0.0028,0.00105,0.01325,0.01255
2024-03-01,0.00991,0.01871,0.0127,0.0068,-0.00036,0.00219,0.00101,0.00553,0.00105,0.01105,0.00468
2024-03-08,-0.00227,0.01477,5.0e-5,0.02393,0.00853,0.00872,0.00105,0.00628,0.00104,0.00301,0.00212
2024-03-15,-0.00093,-0.00892,-0.01698,-0.01186,-0.00107,-0.01,0.001,-0.01248,0.00105,-0.0015,-0.00399
2024-03-22,0.0231,0.02318,0.01868,0.01324,0.0012,0.00782,0.00105,0.00669,0.00105,0.02219,0.01668
2024-03-29,0.004,0.01909,0.02605,0.00289,0.00217,0.00247,0.00105,0.00226,0.00105,0.00307,0.00301
2024-04-05,-0.00931,-0.01862,-0.02658,-0.0121,0.00943,-0.01178,0.001,-0.01065,0.00104,-0.0066,-0.00901
2024-04-12,-0.01523,-0.02976,-0.02916,-0.01255,-0.00164,-0.00675,0.001,-0.0062,0.00104,-0.01465,-0.01115
2024-04-19,-0.03036,-0.02161,-0.01259,-0.02335,-0.03069,-0.00723,0.001,-0.00434,0.00104,-0.02574,-0.01622
2024-04-26,0.02678,0.02068,0.0242,0.01845,0.03471,0.00028,0.00104,-0.00207,0.00104,0.02372,0.01721
2024-05-03,0.00562,0.01193,0.01394,0.01632,0.02027,0.01302,0.00104,0.01037,0.00105,0.0104,0.00706
2024-05-10,0.01894,0.02246,0.01796,0.01603,0.00583,0.00024,0.00104,0.00066,0.00105,0.01376,0.01469
2024-05-17,0.01604,0.00793,0.01132,0.01475,0.02903,0.00681,0.00104,0.00528,0.00105,0.01406,0.01264
2024-05-24,0.00046,-0.01284,-0.01325,-0.00932,-0.01177,-0.00252,0.00113,-0.00213,0.00105,0.00109,-0.00592
2024-05-31,-0.00492,0.00222,0.00719,-0.00079,-0.02519,0.00093,0.0009,0.00016,0.00105,-0.00446,-0.00458
2024-06-07,0.01355,-0.02038,-0.02458,0.00403,0.01619,0.00364,0.00104,0.0041,0.00105,0.00847,0.00851
2024-06-14,0.0162,-0.00798,-0.01794,-0.02285,0.00504,0.01223,0.00103,0.01332,0.00105,0.00888,0.0141
2024-06-21,0.00629,0.01277,0.00798,-4.0e-5,0.01027,-0.00291,0.00103,-0.00176,0.00105,0.00392,0.00056
2024-06-28,-0.00056,-2.0e-5,0.01209,0.00561,-0.00323,-0.00651,0.00103,-0.0055,0.00105,0.0,-0.0018
2024-07-05,0.01977,-0.01152,-0.01071,0.02098,0.01624,0.00962,0.00099,0.00588,0.00105,0.01611,0.01602
2024-07-12,0.00887,0.04329,0.05305,0.02256,0.01984,0.00819,0.00103,0.00723,0.00105,0.01154,0.00691
2024-07-19,-0.01948,-0.00166,0.02234,-0.02063,-0.02766,-0.00436,0.00103,-0.00274,0.00105,-0.01902,-0.01346
2024-07-26,-0.00821,0.01989,0.0355,-0.00962,-0.01171,0.00172,0.00098,0.003,0.00105,-0.00435,-0.00294
2024-08-02,-0.02047,-0.04113,-0.05511,-0.01942,-0.01071,0.0206,0.00112,0.02552,0.00105,-0.01806,-0.00783
2024-08-09,-0.00023,-0.00401,-0.01,-0.00344,0.00544,-0.00758,0.00098,-0.00833,0.00105,0.00204,-0.00203
2024-08-16,0.03994,0.0263,0.02603,0.0411,0.02338,0.00982,0.00103,0.00345,0.00105,0.03214,0.02968
2024-08-23,0.01468,0.02855,0.03085,0.0267,0.00756,0.00751,0.00102,0.00583,0.00104,0.01673,0.01167
2024-08-30,0.00275,-0.00129,0.00077,0.00473,0.0025,-0.00593,0.00111,-0.00504,0.00102,0.0024,-0.00022
2024-09-06,-0.04219,-0.0489,-0.05218,-0.02761,-0.01738,0.01265,0.00093,0.01376,0.001,-0.03432,-0.02568
2024-09-13,0.04057,0.03285,0.03461,0.01393,0.00819,0.00625,0.00111,0.00413,0.001,0.02963,0.02568
2024-09-20,0.01391,0.02303,0.02268,0.00562,0.02185,0.00066,0.0012,-0.00327,0.00096,0.01376,0.00926
2024-09-27,0.00636,0.00523,0.00224,0.03519,0.06111,-0.00014,0.00093,-0.00021,0.00095,0.00599,0.00326
2024-10-04,0.00264,0.00028,-0.0068,-0.03381,0.00991,-0.01032,0.0008,-0.01342,0.00095,-0.0009,-0.00218
2024-10-11,0.01133,0.01149,0.00352,0.00103,-0.01522,-0.00436,0.00102,-0.00492,0.00095,0.00653,0.00695
2024-10-18,0.0087,0.01429,0.01647,-0.00268,-0.00374,0.00073,0.00075,0.00099,0.00095,0.00324,0.00516
2024-10-25,-0.00958,-0.02828,-0.03093,-0.02137,-0.01506,-0.01042,0.00093,-0.00792,0.00095,-0.01382,-0.01069
2024-11-01,-0.01352,-0.00134,-0.00083,-0.00956,-0.00778,-0.00676,0.00097,-0.00569,0.00095,-0.00881,-0.00951
2024-11-08,0.04688,0.0629,0.08607,0.00541,0.01315,0.01248,0.00101,0.0047,0.00095,0.03432,0.03405
2024-11-15,-0.02049,-0.02669,-0.02968,-0.02522,-0.04113,-0.01128,0.00075,-0.007,0.00095,-0.02094,-0.01603
2024-11-22,0.01721,0.04212,0.03749,0.00472,-0.00136,0.00144,0.00088,0.00107,0.00095,0.01531,0.00859
2024-11-29,0.0108,0.00762,0.01047,0.01622,-0.00066,0.01586,0.00083,0.01377,0.00095,0.01098,0.01341
2024-12-06,0.00993,-0.00996,-0.01395,0.01189,0.02783,0.00504,0.00101,0.00382,0.00095,0.01272,0.00757
2024-12-13,-0.00613,-0.01581,-0.01425,-0.0147,-0.00033,-0.01398,0.00097,-0.01329,0.00095,-0.01126,-0.00689
2024-12-20,-0.01965,-0.04641,-0.04795,-0.03574,-0.02838,-0.00976,0.00083,-0.00587,0.00095,-0.02114,-0.01513
2024-12-27,0.00697,0.00475,-0.00013,0.01549,0.01077,-0.00288,0.00083,-0.00353,0.00095,0.00515,0.00469
